time_s,stage,Ip_MA,I_CS1_MA,I_CS2_MA,I_CS3_MA,I_PF1_MA,I_PF2_MA,I_PF3_MA,I_PF4_MA,I_Div1_MA,I_Div2_MA,I_VS_bias_MA,B0_T,note
0.0,breakdown,0.0,5.0,6.0,5.0,0.2,0.3,-0.4,-0.6,0.0,0.0,0.0,12.2,breakdown_start
0.01,breakdown,0.0064453125,4.954545454545454,5.9393939393939394,4.954545454545454,0.2,0.3,-0.4,-0.6,0.0,0.0,0.0,12.2,breakdown_swing
0.02,breakdown,0.0234375,4.909090909090909,5.878787878787879,4.909090909090909,0.2,0.3,-0.4,-0.6,0.0,0.0,0.0,12.2,breakdown_swing
0.03,breakdown,0.0474609375,4.863636363636363,5.818181818181818,4.863636363636363,0.2,0.3,-0.4,-0.6,0.0,0.0,0.0,12.2,breakdown_swing
0.04,breakdown,0.075,4.818181818181818,5.757575757575758,4.818181818181818,0.2,0.3,-0.4,-0.6,0.0,0.0,0.0,12.2,breakdown_swing
0.05,breakdown,0.1025390625,4.7727272727272725,5.696969696969697,4.7727272727272725,0.2,0.3,-0.4,-0.6,0.0,0.0,0.0,12.2,breakdown_swing
0.06,breakdown,0.1265625,4.7272727272727275,5.636363636363637,4.7272727272727275,0.2,0.3,-0.4,-0.6,0.0,0.0,0.0,12.2,breakdown_swing
0.07,breakdown,0.1435546875,4.681818181818182,5.575757575757576,4.681818181818182,0.2,0.3,-0.4,-0.6,0.0,0.0,0.0,12.2,breakdown_swing
0.08,breakdown,0.15,4.636363636363637,5.515151515151516,4.636363636363637,0.2,0.3,-0.4,-0.6,0.0,0.0,0.0,12.2,breakdown_end
