time_s,stage,Ip_MA,loop_voltage_V,flux_consumed_Wb,q95,internal_inductance,vertical_stability_margin,line_average_density_1e19_m3,major_radius_m,minor_radius_m,elongation,triangularity,vertical_position_m,I_CS1_kA,I_CS2_kA,I_CS3_kA,I_PF1_kA,I_PF2_kA,I_PF3_kA,I_PF4_kA,I_Div1_kA,I_Div2_kA,I_VS_bias_kA,note,plasma_inductance_H,plasma_resistance_ohm,electron_temperature_eV,loop_voltage_required_V,loop_voltage_cs_V,loop_voltage_inductive_V,loop_voltage_resistive_V,cs_flux_used_stage_Wb,cs_flux_remaining_Wb,poloidal_beta,Bv_required_T,pf_balance_residual,vs_reserved_fraction
0.08,rampup,0.15,16.782398070799385,3.5,37.74431289164099,0.95,0.33499999999999996,0.15,1.85,0.35,1.15,0.05,0.0,18.0,16.5,15.0,3.752314666827248,3.063207658721381,1.8767762094858202,-1.0295073660337148,0.0,0.0,0.0,rampup_start_from_breakdown,5.159728168010978e-06,0.0001,80.0,16.782398070799385,17.959588052731405,1.7823980707993843,15.0,0.0,596.5,0.05,0.022454994367043894,0.15728287706685282,0.2
0.1,rampup,0.15691609977324264,19.136778034663422,3.8591917610546282,36.090161630756356,0.9499719806589428,0.3349915941976829,0.15053937231534867,1.85,0.3500308212751628,1.150084058023171,0.050042029011585616,0.0,-63.63449114877912,-92.34598819837217,-66.63449114877912,3.5294825705963655,2.6710441280008212,1.7703731228190915,-1.047688462006253,0.0,0.0,0.0,rampup_physics_current_and_shape_evolution,5.159490885814693e-06,9.998613042617675e-05,80.26898567414791,19.136778034663422,19.83059713886538,3.447344416769019,15.689433617894402,0.35919176105462824,596.1408082389454,0.05002801934105708,0.023489706178303756,0.14210853736078502,0.2
0.12,rampup,0.17675736961451247,24.266434415335297,4.293223885554616,32.063972592472574,0.9498884367521213,0.3349665310256364,0.15214759252166357,1.85,0.35012271957266644,1.1503346897436357,0.05016734487181795,0.0,-162.27815580786705,-223.87087441048945,-165.27815580786705,3.3292107554645445,2.319432544404915,1.6807528787388841,-1.0525321659183398,0.0,0.0,0.0,rampup_physics_current_and_shape_evolution,5.158783500009387e-06,9.994477619230008e-05,81.07100717963482,24.266434415335297,24.464896515187604,6.600458668873187,17.66597574646211,0.7932238855546156,595.7067761144453,0.05011156324787863,0.026457755091225613,0.12888907647294898,0.2
0.14,rampup,0.20816326530612245,30.18993919541638,4.837787621662133,27.261580774034588,0.9497501394540598,0.33492504183621796,0.15480981550934791,1.85,0.35027484660053415,1.1507495816378204,0.050374790818910234,0.0,-286.04264128684827,-388.8901883824644,-289.04264128684827,3.1493789031635013,2.00459121888833,1.6077703043969795,-1.042382567162903,0.0,0.0,0.0,rampup_physics_current_and_shape_evolution,5.157612856397601e-06,9.987631902975963e-05,82.39866124102545,30.18993919541638,30.352969223334867,9.399358499425599,20.79058069599078,1.337787621662133,595.1622123783378,0.050249860545940155,0.031154606211386996,0.1177318969133813,0.2
0.16,rampup,0.24977324263038553,36.76556408717144,5.507342654488011,22.760820746635044,0.9495578599392828,0.33486735798178485,0.15851119616880496,1.85,0.35048635406678885,1.1513264201821514,0.05066321009107572,0.0,-438.2142396563659,-591.7856528751547,-441.2142396563659,2.988026613828245,1.723012089705845,1.5511723141779867,-1.015930866851548,0.0,0.0,0.0,rampup_physics_current_and_shape_evolution,5.155985998689053e-06,9.978114066994502e-05,84.24454458288456,36.76556408717144,36.892965091999535,11.842905028680635,24.922659058490808,2.007342654488011,594.492657345512,0.05044214006071714,0.03737528167121718,0.10879733859611035,0.2
0.18,rampup,0.3002267573696145,43.85079299823891,6.313506225342114,18.979213135810614,0.9493123693823149,0.33479371081469445,0.16323688939043796,1.85,0.35075639367945355,1.152062891853055,0.051031445926527634,0.0,-621.4332330322984,-836.0776440430648,-624.4332330322984,2.8433418230834104,1.471441180943518,1.5105979265456575,-0.9722070016783547,0.0,0.0,0.0,rampup_physics_current_and_shape_evolution,5.153910158030409e-06,9.965962284424588e-05,86.60125392977685,43.85079299823891,43.942465192328065,13.930307591032212,29.920485407206698,2.813506225342114,593.6864937746578,0.05068763061768509,0.044914479987853285,0.10225115277189815,0.2
0.2,rampup,0.3581632653061225,51.302710685663,7.265041262181134,15.953352314830545,0.9490144389576805,0.3347043316873041,0.16897205006465013,1.85,0.3510841171465514,1.1529566831269584,0.05147834156347923,0.0,-837.6911959502575,-1124.4215946003435,-840.6911959502575,2.7136502402635125,1.24686085961547,1.485578819935016,-0.9105710453091613,0.0,0.0,0.0,rampup_physics_current_and_shape_evolution,5.151392742395741e-06,9.951214728405186e-05,89.46138600626708,51.302710685663,51.35864871783206,15.661115076783192,35.64159560887981,3.7650412621811338,592.7349587378188,0.050985561042319494,0.05356669265474948,0.09819271614407998,0.2
0.22,rampup,0.4222222222222223,58.978380501763354,8.367852174055397,13.577050910078599,0.9486648398399041,0.3345994519519712,0.17570183308184475,1.85,0.3514686761761054,1.1540054804802875,0.05200274024014375,0.0,-1088.3300395580445,-1458.6067194107263,-1091.3300395580445,2.5974057046965453,1.0464737060369373,1.4755403570966859,-0.8307044355634846,0.0,0.0,0.0,rampup_physics_current_and_shape_evolution,5.148441325873693e-06,9.933909572075256e-05,92.81753753691999,58.978380501763354,58.99867074036449,17.035206753001155,41.9431737487622,4.867852174055397,591.6321478259446,0.05133516016009584,0.0631263177155162,0.09657993221325861,0.2
0.24,rampup,0.4910430839002268,66.73521127226824,9.624988091795712,11.717772519742562,0.9482643432035104,0.3344793029610531,0.18341139333242504,1.85,0.35190922247613854,1.1552069703894687,0.05260348519473442,0.0,-1374.0427481353888,-1839.5569975138524,-1377.0427481353888,2.4931813677652173,0.8676878316575566,1.479803014795742,-0.7326010705528636,0.0,0.0,0.0,rampup_physics_current_and_shape_evolution,5.145063637886621e-06,9.914084988573765e-05,96.66230524630028,66.73521127226824,66.72002909856845,18.052782603886182,48.68242866838206,6.1249880917957125,590.3750119082043,0.051735656796489615,0.07338777008703626,0.09718944356961891,0.2
0.26,rampup,0.563265306122449,74.43131334797397,11.036653337998136,10.258190968823113,0.9478137202230237,0.33434411606690706,0.1920858857067943,1.85,0.3524049077546739,1.156558839330929,0.05327941966546449,0.0,-1694.8757586359395,-2267.33434484792,-1697.8757586359395,2.399661618110883,0.7081034959635206,1.4975841624689585,-0.6165583123839249,0.0,0.0,0.0,rampup_physics_current_and_shape_evolution,5.141267552376143e-06,9.891779151039672e-05,100.98828585897274,74.43131334797397,74.38092045998697,18.714353231913776,55.7169601160602,7.5366533379981355,588.9633466620019,0.05218627977697633,0.08414558841793282,0.09963824748201905,0.2
0.28,rampup,0.6375283446712019,81.92584387173179,12.600224910195195,9.105436108645469,0.9473137420729685,0.3341941226218905,0.20171046509535573,1.85,0.3529548837197346,1.1580587737810943,0.054029386890547204,0.0,-2050.232934135271,-2741.143912180362,-2053.232934135271,2.31563467598157,0.5655008896498033,1.5280001394375446,-0.48316793296474647,0.0,0.0,0.0,rampup_physics_current_and_shape_evolution,5.137061076988465e-06,9.867030232611942e-05,105.78807609950209,81.92584387173179,81.84058559856234,19.020729361553823,62.90511451017796,9.100224910195195,587.3997750898048,0.05268625792703147,0.09519453828781269,0.10345237523303903,0.2
0.3,rampup,0.7124716553287981,89.07934130281188,14.310276761940628,8.189224648651182,0.9467651799278695,0.3340295539783608,0.21227028638851256,1.85,0.3535583020793436,1.1597044602163915,0.05485223010819579,0.0,-2438.881082259233,-3259.3414430123116,-2441.881082259233,2.2399857904546,0.4378289652175839,1.5700685856340793,-0.33330703281400725,0.0,0.0,0.0,rampup_physics_current_and_shape_evolution,5.132452342291672e-06,9.83987640642954e-05,111.05427269245303,89.07934130281188,88.95964392950532,18.97301098761549,70.1063303151964,10.810276761940628,585.6897232380594,0.053234820072130526,0.10632971157223726,0.10814192709938747,0.2
0.32,rampup,0.786734693877551,95.75404924066567,16.158610667375406,7.457308847930106,0.946168804962251,0.33385064148867527,0.2237505044766681,1.85,0.35421431454152386,1.1614935851132469,0.055746792556623494,0.0,-2858.9569698580463,-3819.4426264773956,-2861.9569698580463,2.1716909801817987,0.3231952086402503,1.6227109856008244,-0.1681289605149357,0.0,0.0,0.0,rampup_physics_current_and_shape_evolution,5.127449591055899e-06,9.810355845631425e-05,116.77947236239032,95.75404924066567,95.60041734348934,18.57257621023883,77.18147303042683,12.658610667375406,583.8413893326245,0.053831195037749,0.11734662181795272,0.11325219962540953,0.2
0.34,rampup,0.8589569160997733,101.81422958981419,18.134293455680208,6.87108422882152,0.9455253883506376,0.33365761650519127,0.2361362742502256,1.85,0.3549220728142986,1.163423834948087,0.056711917474043555,0.0,-3307.9757853818646,-4418.134380509153,-3310.9757853818646,2.109811264496788,0.21985625691848584,1.6847553898128889,0.010945742463240222,0.0,0.0,0.0,rampup_physics_current_and_shape_evolution,5.122061167625808e-06,9.778506723356564e-05,122.95627183387873,101.81422958981419,101.62724338183669,17.821069798261643,83.99315979155254,14.634293455680208,581.8657065443198,0.05447461164936237,0.12804129549241303,0.11838565092301492,0.2
0.36,rampup,0.9277777777777778,107.12646510705281,20.223700402648873,6.402082631582804,0.9448357012675538,0.33345071038026614,0.24941275059958817,1.85,0.3556807286056907,1.1654928961973383,0.05774644809866921,0.0,-3782.841000602016,-5051.288000802688,-3785.841000602016,2.0534873372657465,0.1262092763491112,1.754939281228177,0.20223834947333097,0.0,0.0,0.0,rampup_physics_current_and_shape_evolution,5.116295507413368e-06,9.744367212743916e-05,129.57726783148294,107.12646510705281,106.90677779382719,16.72039152215091,90.4060735849019,16.723700402648873,579.7762995973511,0.055164298732446146,0.13821035899093811,0.12320391683911446,0.2
0.38,rampup,0.9918367346938776,111.55995137138905,22.410564567433294,6.029373404768128,0.9441005148875241,0.33323015446625726,0.26356508841515924,1.85,0.3564894336237234,1.1676984553374272,0.058849227668713706,0.0,-4279.855583507566,-5713.974111343421,-4282.855583507566,2.001934640823793,0.04078402528703157,1.831912558415135,0.40382088917889497,0.0,0.0,0.0,rampup_physics_current_and_shape_evolution,5.110161126537262e-06,9.707975486932448e-05,136.6350570797677,111.55995137138905,111.3082865164954,15.272684296916204,96.28726707447284,18.910564567433294,577.5894354325667,0.055899485112475805,0.14765112130384753,0.1274205135752025,0.2
0.4,rampup,1.0497732426303856,114.9867782161508,24.676031863308694,5.737711254965797,0.9433206003850731,0.3329961801155219,0.278578442587342,1.85,0.3573473395764195,1.1700381988447806,0.06001909942239028,0.0,-4794.7345143883385,-6400.479352517785,-4797.7345143883385,1.9544388017797854,-0.03776446680476106,1.9142406097021003,0.6135250011937079,0.0,0.0,0.0,rampup_physics_current_and_shape_evolution,5.103666611633614e-06,9.669369719061121e-05,144.12223630329783,114.9867782161508,114.70392711630456,13.480322174442268,101.50645604170853,21.176031863308694,575.3239681366913,0.05667939961492686,0.1561616522645035,0.13079107880088134,0.2
0.42,rampup,1.1002267573696145,117.28220066152765,26.998721652085475,5.516258605951373,0.9424967289347251,0.33274901868041756,0.29443796800653954,1.85,0.35825359817180225,1.1725098131958243,0.061254906597912176,0.0,-5322.618557292152,-7104.324743056203,-5325.618557292152,1.9103513944475647,-0.11066266504700185,2.000407455566967,0.8289506911523804,0.0,0.0,0.0,rampup_physics_current_and_shape_evolution,5.096820609861005e-06,9.628588082268899e-05,152.0314022266379,117.28220066152765,116.96901973091701,11.34589822350341,105.93630243802424,23.498721652085475,573.0012783479145,0.05750327106527479,0.16354085631728077,0.13310435368554888,0.2
0.44,rampup,1.1418367346938776,118.32489938446182,29.35479265254537,5.357749016184248,0.9416296717110049,0.33248890151330146,0.3111288195631553,1.85,0.3592073611178946,1.1751109848669852,0.06255549243349262,0.0,-5858.089239214856,-7818.285652286475,-5861.089239214856,1.8690860012203248,-0.17902479418465633,2.0888189389771026,1.047474971217798,0.0,0.0,0.0,rampup_physics_current_and_shape_evolution,5.089631819121004e-06,9.585668749694744e-05,160.35515157435276,118.32489938446182,117.98230754793937,8.87221233437591,109.45268705008591,25.85479265254537,570.6452073474546,0.058370328288995084,0.1695885417619852,0.13417495856409806,0.2
0.46,rampup,1.1732426303854875,117.99723076130613,31.71801395400305,5.258006410614405,0.9407201998884367,0.33221605996653103,0.3286361521475925,1.85,0.36020778012271953,1.1778394003346897,0.06391970016734487,0.0,-6395.184989546147,-8534.413319394864,-6398.184989546147,1.8301145423905574,-0.24385865183330194,2.1778059456273633,1.2662603735920972,0.0,0.0,0.0,rampup_physics_current_and_shape_evolution,5.082108978513627e-06,9.54064989447762e-05,169.0860810710072,117.99723076130613,117.6262068560288,6.062258983466642,111.93497177783948,28.21801395400305,568.281986045997,0.05927980011156325,0.17410548544807095,0.13383805368835167,0.2
0.48,rampup,1.1930839002267575,116.18546651704106,34.05984092678652,5.215784339169657,0.9397690846415452,0.33193072539246354,0.3469451206502543,1.85,0.3612540068943002,1.1806927460753642,0.06534637303768216,0.0,-6927.418392451481,-9244.057856601976,-6930.418392451481,1.7929638507699845,-0.3060710136416659,2.2656276380357663,1.4822633260130447,0.0,0.0,0.0,rampup_physics_current_and_shape_evolution,5.074260859045392e-06,9.49356968975649e-05,178.2167874411658,116.18546651704106,116.16222170719747,2.9192149917490764,113.26625152529199,30.55984092678652,565.9401590732135,0.060230915358454776,0.1768934929081189,0.1319456723521559,0.2
0.5,rampup,1.2,114.28072303340159,36.36450282229095,5.232945317103508,0.9387770971448548,0.33163312914345644,0.3660408799615441,1.85,0.36234519314065966,1.1836687085654354,0.06683435428271772,0.0,-7451.2051868843055,-9942.440249179075,-7454.2051868843055,1.7572124690169644,-0.3664726694733866,2.350474689265911,1.6922423795030594,0.0,0.0,0.0,rampup_physics_current_and_shape_evolution,5.066096254605829e-06,9.444466308670316e-05,187.7398674093934,114.28072303340159,114.90341364901275,0.9471273293577989,113.33359570404379,32.86450282229095,563.635497177709,0.06122290285514515,0.17775545393535577,0.12836452552178193,0.2
0.52,rampup,1.2044991999999999,114.86674201220674,38.65597747274704,5.262704551913022,0.9377450085728901,0.33132350257186705,0.385908584971865,1.85,0.36348049056982085,1.1867649742813295,0.0683824871406648,0.0,-7971.994880169779,-10636.826506893041,-7974.994880169779,1.7227660854411493,-0.425221884613448,2.4321165589868348,1.8957858798899916,0.0,0.0,0.0,rampup_physics_current_and_shape_evolution,5.0576239732265204e-06,9.393377924358062e-05,197.64791770025474,114.86674201220674,115.40417701219192,1.7235800603373026,113.14316195186944,35.15597747274704,561.344022527253,0.06225499142710987,0.17825183980824885,0.12458208229479018,0.2
0.54,rampup,1.2177536,117.6025009909525,40.98066990277864,5.25643671070555,0.9366735901001755,0.3310020770300527,0.4065333905716204,1.85,0.3646590508898069,1.1899792296994731,0.06998961484973665,0.0,-8500.334068813323,-11341.278758417768,-8503.334068813323,1.689805660188115,-0.4819237378164429,2.5118865557289785,2.095343239232547,0.0,0.0,0.0,rampup_physics_current_and_shape_evolution,5.048852828635026e-06,9.340342709958691e-05,207.93353503831457,117.6025009909525,117.76200342285783,3.8601413880929822,113.74235960285952,37.48066990277864,559.0193300972213,0.06332640989982444,0.18003551312196278,0.12211826528587183,0.2
0.56,rampup,1.2393984,120.97626969731986,43.36645760966136,5.216973650233677,0.9355636129012357,0.3306690838703707,0.42790045165121326,1.85,0.3658800258086407,1.193309161296293,0.07165458064814649,0.0,-9042.558547650306,-12064.244730200411,-9045.558547650306,1.6584548937193515,-0.5362964000454662,2.5909819096087596,2.2931573581870994,0.0,0.0,0.0,rampup_physics_current_and_shape_evolution,5.039791632114326e-06,9.285398838611166e-05,218.58931614813753,120.97626969731986,121.12370796529291,5.893185057954498,115.08308463936537,39.86645760966136,556.6335423903387,0.06443638709876433,0.18304877105261627,0.12087575046763659,0.2
0.58,rampup,1.2690687999999999,124.9397914755798,45.82561822139034,5.1482845227176215,0.934415848150595,0.3303247544451785,0.44999492310104694,1.85,0.3671425670343455,1.196752455548215,0.07337622777410756,0.0,-9601.45868667962,-12809.44491557283,-9604.45868667962,1.6287886898868564,-0.5881552330979393,2.6704734634013043,2.4912752394963573,0.0,0.0,0.0,rampup_physics_current_and_shape_evolution,5.030449184676723e-06,9.228584483454451e-05,229.60785775428835,124.9397914755798,125.07517547571294,7.82270511441822,117.11708636116158,42.32561822139034,554.1743817786097,0.06558415184940504,0.18723390363852285,0.12076259870303634,0.2
0.6,rampup,1.3063999999999998,129.44484925437243,48.36946462868987,5.055046554466599,0.9332310670227779,0.32996932010683333,0.47280195981152506,1.85,0.36844582627494427,1.2003067989316663,0.07515339946583312,0.0,-10179.605597429512,-13580.307463239353,-10182.605597429512,1.6008406288520836,-0.6373987001196721,2.7513145447299627,2.691557911407946,0.0,0.0,0.0,rampup_physics_current_and_shape_evolution,5.0208342695595635e-06,9.169937817627508e-05,240.98175658133195,129.44484925437243,129.5682124100351,9.648781604886706,119.79606764948574,44.86946462868987,551.6305353713101,0.06676893297722208,0.19253322360354314,0.1216908862389201,0.2
0.62,rampup,1.3510271999999999,134.4433596558157,51.00834671779175,4.942224059501941,0.9320100406923091,0.3296030122076927,0.49630671667305026,1.85,0.36978895523846,1.2039698779230728,0.0769849389615364,0.0,-10779.35152677085,-14379.968702361135,-10782.35152677085,1.5746095576509147,-0.6839958924532936,2.8343490999208605,2.8956897218427464,0.0,0.0,0.0,rampup_physics_current_and_shape_evolution,5.010955645048549e-06,9.109497014269299e-05,252.7036093538329,134.4433596558157,134.5547582122491,11.371577209849594,123.07178244596611,47.50834671779175,548.9916532822083,0.06798995930769093,0.1988890949272504,0.12357560738976607,0.2
0.64,rampup,1.4025855999999999,139.88746428299248,53.75165495717984,4.814708465094764,0.9307535403337128,0.32922606210011385,0.5204943485760263,1.85,0.3711711056329158,1.207739378998861,0.07886968949943061,0.0,-11402.830672086324,-15211.274229448434,-11405.830672086324,1.5500653946852174,-0.7279754981199419,2.920319161624185,3.1051870578728398,0.0,0.0,0.0,rampup_physics_current_and_shape_evolution,5.000822037632924e-06,9.04730024651879e-05,264.76601279635594,139.88746428299248,139.98697660451109,12.991333836555452,126.89613044643703,50.25165495717984,546.2483450428201,0.06924645966628708,0.2062439601424493,0.1263339429150677,0.2
0.66,rampup,1.4607104,145.72961819624348,56.6078257819722,4.677048285860969,0.9294623371215139,0.3288387011364542,0.5453500104108561,1.85,0.3725914291663346,1.211612988635458,0.08080649431772904,0.0,-12051.960404993679,-16076.780539991574,-12054.960404993679,1.5271542341272863,-0.7694160558662226,3.0098717147541225,3.321406539471776,0.0,0.0,0.0,rampup_physics_current_and_shape_evolution,4.99044213549541e-06,8.983385687514941e-05,277.1615636334659,145.72961819624348,145.8173440659175,14.508369186601243,131.22124900964224,53.1078257819722,543.3921742180278,0.07053766287848603,0.21454036634555235,0.12988489545801854,0.2
0.68,rampup,1.5250368,151.9226755881904,59.584348719816546,4.533275632277289,0.9281372022302367,0.32844116066907103,0.5708588570679433,1.85,0.3740490775467396,1.2155883933092897,0.08279419665464494,0.0,-12728.442890867393,-16978.757187823194,-12731.442890867393,1.505802827025503,-0.8084373553580297,3.1035650185513153,3.5455527314957638,0.0,0.0,0.0,rampup_physics_current_and_shape_evolution,4.979824582338372e-06,8.917791510396718e-05,289.88285858972756,151.9226755881904,151.99873550987883,15.923073307364628,135.99960228082577,56.084348719816546,540.4156512801835,0.07186279776976329,0.22372098991005113,0.13414922150099037,0.2
0.7,rampup,1.5951999999999997,158.41997266689077,62.68777520236734,4.386819696773146,0.9267789068344057,0.3280336720503217,0.5970060434376905,1.85,0.3755432024821537,1.2196632794967828,0.08483163974839147,0.0,-13433.76709144712,-17919.18945526283,-13436.76709144712,1.485922507681296,-0.8451928589798624,3.201874436540369,3.7786854133807144,0.0,0.0,0.0,rampup_physics_current_and_shape_evolution,4.968977971546476e-06,8.850555888303082e-05,302.9224943897054,158.41997266689077,158.48450716948804,17.235905136680017,141.18406753021074,59.18777520236734,537.3122247976327,0.07322109316559432,0.23372865989781916,0.13904955526569007,0.2
0.72,rampup,1.6708352,165.17540775598027,65.92372900659605,4.240488967748325,0.9253882221085453,0.3276164666325636,0.6237767244105015,1.85,0.37707295568060006,1.2238353336743637,0.08691766683718194,0.0,-14169.211137862736,-18899.781517150317,-14172.211137862736,1.467412626524633,-0.8798630339913777,3.305197820764278,4.021726442040853,0.0,0.0,0.0,rampup_physics_current_and_shape_evolution,4.957910840684854e-06,8.781716994372996e-05,316.2730677579643,165.17540775598027,165.2285766997398,18.447389049614234,146.72801870636604,62.42372900659605,534.0762709934039,0.07461177789145462,0.24450638016722598,0.14451062175669138,0.2
0.74,rampup,1.7515776,172.1435186201082,69.29691827035694,4.096501527462991,0.9239659192271803,0.32718977576815406,0.6511560548767793,1.85,0.3786374888501016,1.228102242318459,0.08905112115922956,0.0,-14935.845061444756,-19921.960081926343,-14938.845061444756,1.4501635441547491,-0.9126494956705998,3.4138604918597153,4.275466239879802,0.0,0.0,0.0,rampup_physics_current_and_shape_evolution,4.946631666330688e-06,8.711313001745426e-05,329.92717541906916,172.1435186201082,172.1855005049008,19.558111415647723,152.5854072044605,65.79691827035694,530.703081729643,0.0760340807728197,0.25599735018103376,0.15045945996377094,0.2
0.76,rampup,1.8370624,179.27955702340637,72.8111490267921,3.956544544975752,0.922512769364835,0.3267538308094505,0.6791291897269273,1.85,0.3802359536986815,1.2324616919054951,0.09123084595274758,0.0,-15734.533869725472,-20986.8784929673,-15737.533869725472,1.4340592353512682,-0.9437698726861234,3.528119852231126,4.540569936629741,0.0,0.0,0.0,rampup_physics_current_and_shape_evolution,4.935148859235133e-06,8.63938208355933e-05,343.8774140975845,179.27955702340637,179.31054829877246,20.568717174001332,158.71083984940503,69.3111490267921,527.1888509732079,0.07748723063516505,0.26814498452078467,0.15682560786418262,0.2
0.78,rampup,1.9269248,186.53956052816872,76.46934020230785,3.8218478751667604,0.9210295436960338,0.32630886310881013,0.7076812838513485,1.85,0.38186750193436275,1.2369113689118985,0.09345568445594923,0.0,-16565.94095506996,-22095.42127342662,-16568.94095506996,1.4189795466239723,-0.9734533154233862,3.6481696657331657,4.81758319087838,0.0,0.0,0.0,rampup_physics_current_and_shape_evolution,4.923470759811468e-06,8.565962412953675e-05,358.1163805180751,186.53956052816872,186.5597749050247,21.479906434285947,165.05965409388278,72.96934020230785,523.5306597976921,0.07897045630396617,0.2808929311178476,0.16354122780881575,0.2
0.8,rampup,2.0208000000000004,193.880421540355,80.27354002299309,3.6932609655019935,0.9195170133953015,0.3258551040185904,0.7367974921404465,1.85,0.38353128526516833,1.2414489598140954,0.09572447990704777,0.0,-17430.531823407517,-23248.20909787669,-17433.531823407517,1.4048021461906834,-1.001936576462962,3.7741440338315932,5.106937714591087,0.0,0.0,0.0,rampup_physics_current_and_shape_evolution,4.911605633944572e-06,8.491092163067424e-05,372.6366714051058,193.880421540355,193.89008930421267,22.292431109088447,171.58799043126655,76.77354002299309,519.7264599770069,0.08048298660469852,0.29418508821450434,0.17054116966166066,0.2
0.82,rampup,2.1183232,201.259953607972,84.22494377447634,3.5713261428209884,0.9179759496371623,0.3253927848911487,0.7664629694846242,1.85,0.38522645539912137,1.2460721510885129,0.09803607554425643,0.0,-18328.5781305628,-24445.604174083735,-18331.5781305628,1.3914042010926297,-1.0294605999793474,3.906121095138844,5.408956521654497,0.0,0.0,0.0,rampup_physics_current_and_shape_evolution,4.899561669115978e-06,8.414809507039538e-05,387.43088348324113,201.259953607972,201.25932093353367,23.007091584547855,178.25286202342414,80.72494377447634,515.7750562255237,0.08202405036283762,0.30796562007140055,0.17776297958200712,0.2
0.84,rampup,2.2191295999999996,208.63695497783547,88.32391286033442,3.4563444105364196,0.916407123596141,0.3249221370788423,0.796662870774285,1.85,0.3869521640442448,1.2507786292115768,0.10038931460578843,0.0,-19260.162013712365,-25687.716018283154,-19263.162013712365,1.3786638124221782,-1.0562675635929515,4.044126472473284,5.723858919429423,0.0,0.0,0.0,rampup_physics_current_and_shape_evolution,4.887346970838074e-06,8.337152618008981e-05,402.491613477046,208.63695497783547,208.62628324482887,23.624733434423263,185.0122215434122,84.82391286033442,511.6760871396656,0.08359287640385896,0.32217897144036745,0.1851468665673202,0.2
0.86,rampup,2.3228543999999998,215.9712694156725,92.5699951042695,3.3484320727050196,0.9148113064467619,0.3244433919340286,0.8273823508998323,1.85,0.3887075629085618,1.255566080659714,0.10278304032985705,0.0,-20225.18070551579,-26974.40760735439,-20228.18070551579,1.3664612363014776,-1.0825983222518145,4.188136489135863,6.051765260479238,0.0,0.0,0.0,rampup_physics_current_and_shape_evolution,4.87496955939039e-06,8.258159669114718e-05,417.81145811108513,215.9712694156725,215.95083452579573,24.14624418261584,191.82502523305666,89.0699951042695,507.4300048957305,0.08518869355323805,0.3367698808240577,0.1926356391877045,0.2
0.88,rampup,2.4291327999999996,223.22384429400282,96.96194624136625,3.2475679274821836,0.9131892693635496,0.32395678080906487,0.8586065647516692,1.85,0.39049180370009534,1.2604321919093509,0.10521609595467551,0.0,-21223.351418492326,-28305.301891323106,-21226.351418492326,1.354679915269943,-1.1086902091196893,4.338081173903437,6.392701470012004,0.0,0.0,0.0,rampup_physics_current_and_shape_evolution,4.862437366850319e-06,8.177868833495708e-05,433.3830141099233,223.22384429400282,223.19393598884955,24.572550118581194,198.6512941754216,93.46194624136625,503.03805375863374,0.08681073063645034,0.35168339254601794,0.20017462328367258,0.2
0.9,rampup,2.5376000000000003,230.3567859517198,101.49775254382348,3.1536316117636867,0.9115417835210287,0.32346253505630856,0.8903206672201986,1.85,0.3923040381268685,1.265374649436914,0.10768732471845704,0.0,-22254.216487232607,-29679.78864964348,-22257.216487232607,1.343207342075771,-1.134775153272087,4.493847072276691,6.746603363119825,0.0,0.0,0.0,rampup_physics_current_and_shape_evolution,4.849758234410181e-06,8.096318284290918e-05,449.19887819812504,230.3567859517198,230.31770713156152,24.904613169553414,205.45217278216637,97.99775254382348,498.5022474561765,0.08845821647897137,0.3668648676567648,0.20771156905634916,0.2
0.92,rampup,2.6478912,237.33341232880366,106.17465452662871,3.0664341037096814,0.9098696200937234,0.322960886028117,0.9225098131958246,1.85,0.3941434178969042,1.2703911397188297,0.1101955698594149,0.0,-23317.148756051978,-31097.031674735976,-23320.148756051978,1.3319357754879069,-1.161078078312977,4.655279879767447,7.113320764598757,0.0,0.0,0.0,rampup_physics_current_and_shape_evolution,4.8369399099720856e-06,8.013546194639309e-05,465.25164710025535,237.33341232880366,237.2854783721121,25.143427833014535,212.18998449578913,102.67465452662871,493.82534547337127,0.0901303799062766,0.382259993703137,0.21519655367081478,0.2
0.94,rampup,2.7596415999999997,244.11830287912227,110.98917167870795,2.9857415440929227,0.9081735502561584,0.32245206507684754,0.9551591575689495,1.85,0.39600909471822565,1.2754793492315246,0.1127396746157623,0.0,-24411.35719970635,-32555.97626627514,-24414.35719970635,1.320762825619871,-1.1878155498767722,4.822186911443113,7.492621442970654,0.0,0.0,0.0,rampup_physics_current_and_shape_evolution,4.823990046011721e-06,7.929590737679845e-05,481.5339175408787,244.11830287912227,244.0618409627172,25.29001817236245,218.82828470675983,107.48917167870795,489.010828321292,0.09182644974384153,0.39781479338967984,0.22258188354098019,0.2
0.96,rampup,2.8724863999999997,250.677345763821,115.93712816513738,2.9112935289187587,0.9064543451828583,0.3219363035548575,0.9882538552299771,1.85,0.3979002202988558,1.2806369644514248,0.1153184822257125,0.0,-25535.892764803946,-34055.35701973861,-25538.892764803946,1.3095919243585252,-1.2151946434219472,4.994339420545094,7.884194869289622,0.0,0.0,0.0,rampup_physics_current_and_shape_evolution,4.8109161977018856e-06,7.844490086551489e-05,498.03828624455997,250.677345763821,250.6126941835348,25.345434878281313,225.33191088553968,112.43712816513738,484.0628718348626,0.09354565481714167,0.4134756321620861,0.22982199895713698,0.2
0.98,rampup,2.9860607999999997,256.9777823273745,121.01367944604934,2.842816929489707,0.9047127760483474,0.32141383281450425,1.0217790610693107,1.85,0.3998159463468177,1.2858616718549574,0.11793083592747874,0.0,-26689.654419556664,-35593.70589274223,-26692.654419556664,1.2983326947951013,-1.2434120067978416,5.17147477774552,8.287655810387214,0.0,0.0,0.0,rampup_physics_current_and_shape_evolution,4.797725821286396e-06,7.758282414393202e-05,514.757349935864,256.9777823273745,256.9052898191323,25.31075239788556,231.66702992948893,117.51367944604934,478.9863205539507,0.09528722395165251,0.42918922474377486,0.23687338262741126,0.2
1.0,rampup,3.0999999999999996,262.9882488579588,126.21333975790267,2.7800361607345487,0.9029496140271505,0.3208848842081451,1.0557199299773534,1.85,0.40175542457013447,1.2911511579185486,0.1205755789592743,0.0,-27871.39539952333,-37169.36053269779,-27874.39539952333,1.2869012320409996,-1.2726530948139239,5.353298521486804,8.702547765380219,0.0,0.0,0.0,rampup_physics_current_and_shape_evolution,4.7844262726947744e-06,7.671005894343949e-05,531.6837053393556,262.9882488579588,262.9082739191782,25.187066133296444,237.80118272466237,122.71333975790267,473.78666024209735,0.09705038597284954,0.44490264065755813,0.24369447295829502,0.2
1.02,rampup,3.2139391999999996,268.67881563341984,131.53001040281646,2.7226806737418396,0.9011656302937917,0.32034968908813755,1.0900616168445083,1.85,0.403717806676829,1.2965031091186245,0.12325155455931233,0.0,-29079.72963700374,-38780.47284933834,-29082.72963700374,1.2752203064577652,-1.3030915554959288,5.5394862888469705,9.128346253522269,0.0,0.0,0.0,rampup_physics_current_and_shape_evolution,4.771024806388052e-06,7.582698699542693e-05,548.8099491795989,268.67881563341984,268.5917258446367,24.975489710927047,243.7033259224928,128.03001040281646,468.46998959718354,0.09883436970620822,0.4605633087650249,0.250245582415847,0.2
1.04,rampup,3.3275135999999996,274.02102325374784,136.95700879168814,2.670490310509316,0.8993615960227959,0.31980847880683877,1.1247892765611789,1.85,0.40570224437492447,1.3019152119316122,0.12595760596580613,0.0,-30313.138361747304,-40425.01781566309,-30316.138361747304,1.2632194991219763,-1.3348887499070363,5.729685635477961,9.564461960816061,0.0,0.0,0.0,rampup_physics_current_and_shape_evolution,4.7575285744259266e-06,7.493399003128397e-05,566.1286781811593,274.02102325374784,273.92719460038546,24.677152322386032,249.3438709313618,133.45700879168814,463.04299120831183,0.1006384039772041,0.4761190208567719,0.2564888210157864,0.2
1.06,rampup,3.4403584,278.98791626062695,142.4870981868319,2.623219035997839,0.8975382823886873,0.3192614847166062,1.1598880640177682,1.85,0.4077078893724439,1.307385152833938,0.12869257641696896,0.0,-31569.976860643612,-42100.80248085816,-31572.976860643612,1.2508352782661896,-1.368193389372431,5.923517752362665,10.01024375220836,0.0,0.0,0.0,rampup_physics_current_and_shape_evolution,4.743944625745508e-06,7.403144978240025e-05,583.6324890686013,278.98791626062695,278.8877324548287,24.293196137568106,254.69472012305886,138.9870981868319,457.5129018131681,0.10246171761131265,0.4915179343269614,0.2623880248300899,0.2
1.08,rampup,3.5521088,283.55407404431395,148.11251808988132,2.5806374575909015,0.8956964605659906,0.3187089381697972,1.1953431341046792,1.85,0.40973389337741023,1.3129106183020278,0.13145530915101394,0.0,-32848.48138406393,-43805.47517875192,-32851.48138406393,1.2380110244727978,-1.4031412756971022,6.120579086419304,10.464981555657273,0.0,0.0,0.0,rampup_physics_current_and_shape_evolution,4.730279905641856e-06,7.31197479801654e-05,601.3139785664894,283.55407404431395,283.447925846765,23.82477379018624,259.72930025412774,144.61251808988132,451.8874819101187,0.10430353943400932,0.5067085739658658,0.2679086893271474,0.2
1.1,rampup,3.6624000000000008,287.6956390378066,153.82501522070254,2.542534455029282,0.8938369017292304,0.3181510705187691,1.2311396417123157,1.85,0.4117794080978466,1.3184892948123088,0.1342446474061545,0.0,-34146.7761865233,-45536.534915364406,-34149.7761865233,1.224697011536399,-1.4398551315318031,6.320442871339824,10.927909123884323,0.0,0.0,0.0,rampup_physics_current_and_shape_evolution,4.716541255440655e-06,7.219926635596902e-05,619.1657433993887,287.6956390378066,287.5839235794776,23.27304593570554,264.422593102101,150.32501522070254,446.17498477929746,0.10616309827076965,0.521639832904111,0.2730179073520776,0.2
1.12,rampup,3.7708672000000005,291.3903421979844,159.61587503306046,2.5087181733444774,0.8919603770529309,0.31758811311587926,1.2672627417310813,1.85,0.41384358524177606,1.3241188688412073,0.13705943442060375,0.0,-35462.88068933191,-47291.34091910923,-35465.88068933191,1.2108503491410572,-1.4784445094405871,6.522660574474168,11.398206679195816,0.0,0.0,0.0,rampup_physics_current_and_shape_evolution,4.702735412353377e-06,7.127038664120077e-05,637.1803802918639,291.3903421979844,291.2734623017347,22.639178881362216,268.7511633166222,156.11587503306046,440.38412496693957,0.10803962294706916,0.5362609727422427,0.2776843115834225,0.2
1.14,rampup,3.8771455999999995,294.61752577316344,165.47595371277188,2.4790165751548323,0.8900676577116167,0.317020297313485,1.303697589051378,1.85,0.41592557651722156,1.3297970268651498,0.13989851343257492,0.0,-36794.71675290269,-49067.1223372036,-36797.71675290269,1.1964348928118689,-1.5190057694729768,6.72676326505737,11.87500344637424,0.0,0.0,0.0,rampup_physics_current_and_shape_evolution,4.688869009505433e-06,7.033349056725028e-05,655.3504859684795,294.61752577316344,294.4958892751455,21.924342287707535,272.6931834854559,161.97595371277188,434.5240462872281,0.10993234228838328,0.5505216228990388,0.28187802135972595,0.2
1.16,rampup,3.9808703999999997,297.3581633562709,171.39571060406624,2.453277704682341,0.8881595148798124,0.31644785446394375,1.3404293385636104,1.85,0.41802453363220626,1.3355214553605625,0.1427607276802813,0.0,-38140.11604637868,-50860.988061838245,-38143.11604637868,1.1814211259867635,-1.5616221161604793,6.932262908614954,12.357380078295487,0.0,0.0,0.0,rampup_physics_current_and_shape_evolution,4.674948576128006e-06,6.938895986550717e-05,673.6686571538005,297.3581633562709,297.2321824270871,21.129706940885455,276.22845641538544,167.89571060406624,428.60428939593373,0.11184048512018756,0.5643717792116638,0.285570593847659,0.2
1.18,rampup,4.081676799999999,299.59487722264333,177.3652410098554,2.4313697818957833,0.8862367197320425,0.31587101591961275,1.3774431451581806,1.85,0.42013960829475316,1.3412898408038723,0.14564492040193616,0.0,-39496.82750223985,-52669.936669653136,-39499.82750223985,1.1657860185066213,-1.6063636868549955,7.138653591968381,12.844370978617723,0.0,0.0,0.0,rampup_physics_current_and_shape_evolution,4.660980537904365e-06,6.843717626736108e-05,692.1274905723914,299.59487722264333,299.4649676882042,20.2564425946451,279.33843462799825,173.8652410098554,422.63475899014463,0.11376328026795744,0.577761801820353,0.2887349796199816,0.2
1.2,rampup,4.1792,301.3119529512592,183.37430931159443,2.4131812194423374,0.8843000434428315,0.3152900130328494,1.4147241637254926,1.85,0.42226995221288527,1.3470998696715053,0.14854993483575268,0.0,-40862.524843544175,-54490.8664580589,-40865.524843544175,1.1495128653326392,-1.653287684218302,7.345412682891089,13.334966525608568,0.0,0.0,0.0,rampup_physics_current_and_shape_evolution,4.646971217461699e-06,6.747852150420162e-05,710.7195829488171,301.3119529512592,301.1785336133035,19.305715880899736,282.0062370703594,179.87430931159443,416.6256906884056,0.11569995655716846,0.5906424123697992,0.291345482827775,0.2
1.22,rampup,4.2730752,302.49535132805363,189.41238235438757,2.3986206359480255,0.8823502571867039,0.31470507715601115,1.452257549155949,1.85,0.42441471709462564,1.352949228439888,0.15147461421994407,0.0,-42234.814171451704,-56320.58556193561,-42237.814171451704,1.132591108863108,-1.702438546468554,7.552001928132376,13.828115200925604,0.0,0.0,0.0,rampup_physics_current_and_shape_evolution,4.6329268349997105e-06,6.651337730741845e-05,729.4375310076421,302.49535132805363,302.3588432842935,18.278688287481053,284.2166630405726,185.91238235438757,410.58761764561245,0.11764974281329606,0.6029646905588205,0.2933777262913012,0.2
1.24,rampup,4.3629375999999995,303.1327175298091,195.4686630429662,2.3876169255979063,0.8803881321381841,0.31411643964145525,1.490028456339954,1.85,0.42657305464799733,1.3588356035854474,0.15441780179272369,0.0,-43611.24160067412,-58155.82213423216,-43614.24160067412,1.1150161478318632,-1.7538481497017284,7.75786849322703,14.322725626938013,0.0,0.0,0.0,rampup_physics_current_and_shape_evolution,4.618853509047477e-06,6.554212540840118e-05,748.2739314734316,303.1327175298091,302.99354349366206,17.176514201580225,285.95620332822887,191.9686630429662,404.5313369570338,0.1196118678618158,0.6146800700692248,0.2948086220051303,0.2
1.26,rampup,4.448422399999999,303.21338758697766,201.53212409413408,2.380119434676451,0.8784144394717969,0.31352433184153905,1.52802204016791,1.85,0.4287441165810234,1.3647566815846093,0.1573783407923047,0.0,-44989.300930485,-59993.23457398,-44992.300930485,1.0967891354226076,-1.8075360372421139,7.962445947239367,14.817668515971672,0.0,0.0,0.0,rampup_physics_current_and_shape_evolution,4.604757257340258e-06,6.456514753853945e-05,767.22138107075,303.21338758697766,303.0719712068625,16.00033901723393,287.2130485697437,198.03212409413408,398.4678759058659,0.12158556052820313,0.6257403339040465,0.2956163477672576,0.2
1.28,rampup,4.5291648,302.7283921236861,207.59154189124072,2.3760982902329397,0.8764299503620664,0.3129289851086199,1.5662234555302208,1.85,0.43092705460172687,1.3707101489138007,0.16035507445690034,0.0,-46366.441338918325,-61829.42178522444,-46369.441338918325,1.0779167689226472,-1.8635096715444477,8.165155195348108,15.311778534673664,0.0,0.0,0.0,rampup_physics_current_and_shape_evolution,4.590643997808279e-06,6.35828254292229e-05,786.2724765241621,302.7283921236861,302.5851573018523,14.751297305104837,287.97709481858124,204.09154189124072,392.4084581087593,0.12357004963793355,0.6360976091645463,0.2957803309154393,0.2
1.3,rampup,4.6048,301.67045737305875,213.6355303862082,2.3755449237345045,0.8744354359835174,0.3123306307950552,1.6046178573172893,1.85,0.4331210204181308,1.3766936920494477,0.16334684602472382,0.0,-47740.07508777457,-63660.933450366094,-47743.07508777457,1.0584110729623517,-1.9217647046782416,8.365405361960189,15.803856086523105,0.0,0.0,0.0,rampup_physics_current_and_shape_evolution,4.576519549669727e-06,6.259554081184114e-05,805.4198145582326,301.67045737305875,301.5258275839299,13.430511042692649,288.2399463303661,210.1355303862082,386.3644696137918,0.12556456401648258,0.6457043612945199,0.295281240510525,0.2
1.32,rampup,4.6749632,300.0340034659157,219.65257499459793,2.37847283318255,0.8724316675106742,0.3117295002532023,1.6431904004195192,1.85,0.4353251657382582,1.382704997467977,0.1663524987339885,0.0,-49107.58522604496,-65484.28030139329,-49110.58522604496,1.0382891781392811,-1.9822852638787025,8.562594626844847,16.292669015361064,0.0,0.0,0.0,rampup_physics_current_and_shape_evolution,4.562389634620491e-06,6.16036754177838e-05,824.6559918975265,300.0340034659157,299.88840107392815,12.03908790303191,287.9949155628838,216.15257499459793,380.3474250054021,0.1275683324893257,0.6545133878195741,0.29410098977999144,0.2
1.34,rampup,4.7392896,297.81513999082307,225.63106642916532,2.3849186305904357,0.8704194161180616,0.3111258248354185,1.6819262397273127,1.85,0.4375386422701321,1.388741751645815,0.1693708758229075,0.0,-50466.333279355735,-67295.94437247432,-50469.333279355735,1.0175730966052612,-2.045044249054157,8.756111016601453,16.7769542326718,0.0,0.0,0.0,rampup_physics_current_and_shape_evolution,4.548259878113469e-06,6.060761097844053e-05,843.9736052666079,297.81513999082307,297.66898556774424,10.578119599854032,287.23702039096906,222.13106642916532,374.36893357083466,0.12958058388193833,0.6624778116081063,0.29222275127398284,0.2
1.36,rampup,4.7974144,295.0116588234147,231.5593344173077,2.394943428038161,0.8683994529802039,0.3105198358940612,1.7208105301310743,1.85,0.43976060172177567,1.3948016410593882,0.17240082052969408,0.0,-51813.666913024455,-69092.38921736596,-51816.666913024455,0.9962894959978669,-2.110003639502154,8.945333153613918,17.255419271218905,0.0,0.0,0.0,rampup_physics_current_and_shape_evolution,4.534135810720541e-06,5.960772922520095e-05,863.3652513900422,295.0116588234147,294.8653704651262,9.04868028713479,285.9629785362799,228.0593344173077,368.4406655826923,0.13160054701979607,0.6695510736797651,0.28963098806209026,0.2
1.38,rampup,4.848972799999999,291.6230242228518,237.4256812477703,2.408634625026189,0.8663725492716257,0.3099117647814877,1.7598284265212056,1.85,0.44199019580121174,1.400882352185123,0.1754411760925615,0.0,-53146.92755631141,-70870.0700750819,-53149.92755631141,0.9744694729223085,-2.177114807410066,9.129630964498865,17.72674376752167,0.0,0.0,0.0,rampup_physics_current_and_shape_evolution,4.520022869570608e-06,5.8604411889454716e-05,882.8235269923935,291.6230242228518,291.477016865591,7.451825010889336,284.1711992119625,233.9256812477703,362.5743187522297,0.13362745072837434,0.675686925586197,0.2863115055171109,0.2
1.4,rampup,4.893599999999999,287.650360193245,243.2184150919313,2.426108173077266,0.8643394761668513,0.30930184285005535,1.798965083788112,1.85,0.4442265762164635,1.406981571499446,0.178490785749723,0.0,-54463.457975438905,-72625.4439672519,-54466.457975438905,0.9521483270332746,-2.246318836005066,9.308366349922794,18.189580875548437,0.0,0.0,0.0,rampup_physics_current_and_shape_evolution,4.50592639985736e-06,5.759804070259141e-05,902.3410287982273,287.650360193245,287.5050449292948,5.788588211043683,281.8617719822013,239.7184150919313,356.7815849080687,0.1356605238331487,0.6808394213878697,0.2822515299498039,0.2
1.42,rampup,4.9309312,283.0964351078376,248.9258830449421,2.4475114113055305,0.8623010048404054,0.3086903014521216,1.8382056568221952,1.85,0.44646889467555395,1.4130969854787836,0.18154849273939183,0.0,-55760.60978294136,-74354.97971058851,-55763.60978294136,0.9293653366269115,-2.317546840476569,9.480893817543466,18.64255861390292,0.0,0.0,0.0,rampup_physics_current_and_shape_evolution,4.4918516564107755e-06,5.658899739600069e-05,921.9103535321078,283.0964351078376,282.95221850066065,4.059982271179049,279.03645283665855,245.4258830449421,351.0741169550579,0.13769899515959455,0.684962909249749,0.2774398228162018,0.2
1.44,rampup,4.9606016,277.9656435937241,254.53650383195773,2.473026590187591,0.8602579064668125,0.30807737194004375,1.877535300513859,1.85,0.4487163028865062,1.4192262805995624,0.1846131402997812,0.0,-57035.75087089946,-76055.16782786597,-57038.75087089946,0.9061635365289699,-2.390720290024744,9.646561079721527,19.084281148686472,0.0,0.0,0.0,rampup_physics_current_and_shape_evolution,4.477803805326582e-06,5.5577663701072196e-05,941.5240979185999,277.9656435937241,277.8229269925372,2.266996113923445,275.6986474798007,251.03650383195773,345.4634961680423,0.1397420935331875,0.6880120226775805,0.2718668427871007,0.2
1.46,rampup,4.9822464,272.2639856748647,260.0388001246436,2.502875231736208,0.858210952220597,0.3074632856661791,1.9169391697535072,1.85,0.45096795255734323,1.425367143338209,0.1876835716691045,0.0,-58286.272755600796,-77722.53034080108,-58289.272755600796,0.8825894989546058,-2.4657513295945908,9.804709617548868,19.513330014132517,0.0,0.0,0.0,rampup_physics_current_and_shape_evolution,4.463787925648259e-06,5.4564421349195526e-05,961.1748586822686,272.2639856748647,272.1231645286496,0.41059383975214875,271.8533918351126,256.5388001246436,339.9611998753564,0.141789047779403,0.68994167141548,0.2655249732303295,0.2
1.48,rampup,4.995500799999999,265.999043171147,265.42143041310374,2.537323515094846,0.8561609132762835,0.30684827398288506,1.9564024194315413,1.85,0.453222995396088,1.4315172601711492,0.19075863008557464,0.0,-59509.597821159914,-79353.63042821323,-59512.597821159914,0.8586931179169702,-2.5425431000387837,9.9546752126491,19.928265273028316,0.0,0.0,0.0,rampup_physics_current_and_shape_evolution,4.449809011096389e-06,5.354965207176036e-05,980.8552325476778,265.999043171147,266.04226616506446,-1.5082865930535747,267.50732976420056,261.92143041310374,334.57856958689626,0.14383908672371643,0.6907070320244975,0.25840884054107327,0.2
1.5,rampup,5.0,259.9069926431005,270.68049077124624,2.576688930618318,0.8541085608083965,0.30623256824251893,1.9959102044383665,1.85,0.4554805831107638,1.4376743175748103,0.1938371587874052,0.0,-60704.83881164684,-80947.2850821958,-60707.83881164684,0.8345273976742426,-2.6209900556164807,10.09578844812218,20.32762661886342,0.0,0.0,0.0,rampup_physics_current_and_shape_evolution,4.435871971840474e-06,5.2533737600156294e-05,1000.5578162393932,259.9069926431005,260.2218350510271,-2.7616953576809573,262.66868800078146,267.18049077124624,329.31950922875376,0.14589143919160347,0.6902635381607726,0.25051576077886234,0.2
1.52,rampup,5.001955792592592,255.07431174676063,275.8303038151449,2.617901957458258,0.8520546659914605,0.30561639979743815,2.035447679664385,1.85,0.4577398674093934,1.4438360020256185,0.1969180010128092,0.0,-61875.25086707834,-82507.83448943781,-61878.25086707834,0.8102919495020883,-2.700688614815914,10.228223696206609,20.711492872679894,0.0,0.0,0.0,rampup_physics_current_and_shape_evolution,4.421981636308622e-06,5.151705966577297e-05,1020.2752064819789,255.07431174676063,255.29432304428445,-2.611743265790698,257.6860550125513,272.3303038151449,324.1696961848551,0.1479453340085395,0.689473393098817,0.2426531834644745,0.2
1.54,rampup,5.007753007407407,251.12167604051615,280.89226369301764,2.6576217366459223,0.85,0.305,2.075,1.85,0.45999999999999996,1.45,0.2,0.0,-63025.69629386761,-84041.76172515683,-63028.69629386761,0.7863029035829201,-2.780995671951457,10.352963242778412,21.081445517203328,0.0,0.0,0.0,rampup_physics_current_and_shape_evolution,4.4081427530307166e-06,5.05e-05,1040.0,251.12167604051615,251.15751949112308,-1.7698508335579162,252.89152687407406,277.39226369301764,319.10773630698236,0.15000000000000002,0.689217309050986,0.23560088732231024,0.2
1.56,rampup,5.0172864,247.31241413669898,285.8766045947898,2.695809211803794,0.8479453340085394,0.30438360020256183,2.1145523203356156,1.85,0.46226013259060655,1.4561639979743815,0.20308199898719081,0.0,-64158.50104427037,-85552.16805902719,-64161.50104427037,0.7628212763009632,-2.861373084964634,10.47090731376709,21.43896055288655,0.0,0.0,0.0,rampup_physics_current_and_shape_evolution,4.394359992511025e-06,4.9482940334227034e-05,1059.7247935180212,247.31241413669898,247.34469863394855,-0.9576694342297456,248.27008357092873,282.3766045947898,314.1233954052102,0.15205466599146056,0.689478752240551,0.22930551060315554,0.2
1.58,rampup,5.030450725925926,243.63229022187957,290.78605163837557,2.7324348568152486,0.8458914391916034,0.303767431757481,2.154089795561634,1.85,0.4645194168892362,1.4623256824251896,0.20616284121259487,0.0,-65274.28446326714,-87039.87928435621,-65277.28446326714,0.7400599306567763,-2.9413748194745075,10.58288076137856,21.78541502822091,0.0,0.0,0.0,rampup_physics_current_and_shape_evolution,4.380637949126398e-06,4.84662623998437e-05,1079.442183760607,243.63229022187957,243.6611305161325,-0.17485465033058017,243.80714487221016,287.28605163837557,309.21394836162443,0.15410856080839658,0.6902412997056079,0.22371700084295634,0.2
1.6,rampup,5.0471407407407405,240.06752748407402,295.6230498154351,2.7674784572926314,0.8438390867237164,0.30315172601711493,2.1935975805684587,1.85,0.4667770046039119,1.4684827398288507,0.20924136991442532,0.0,-66373.60223078067,-88505.63630770758,-66376.60223078067,0.7181897535309734,-3.02063551940413,10.689639125302683,22.122093057848478,0.0,0.0,0.0,rampup_physics_current_and_shape_evolution,4.3669811430464764e-06,4.745034792823964e-05,1099.1447674523222,240.06752748407402,240.09304142479846,0.5789432931327271,239.48858419094128,292.1230498154351,304.3769501845649,0.15616091327628356,0.6914886404328023,0.21878834339489617,0.2
1.62,rampup,5.0672512,236.60482050916934,300.3897732953675,2.8009287849622346,0.8417890477794029,0.3025367143338209,2.233060830246493,1.85,0.4690320474426567,1.474632856661791,0.2123164283308956,0.0,-67456.94847621986,-89950.09796829316,-67459.94847621986,0.6973451344944694,-3.098860350649347,10.79187413212639,22.450191376345707,0.0,0.0,0.0,rampup_physics_current_and_shape_evolution,4.353394022172585e-06,4.643557865080446e-05,1118.8251413177315,236.60482050916934,236.62712884902413,1.3040788681860487,235.3007416409833,296.8897732953675,299.6102267046325,0.15821095222059706,0.6932045762669928,0.2144753304864152,0.2
1.64,rampup,5.0906768592592595,233.23134689368436,305.088134969396,2.8327831783575776,0.8397420935331875,0.30192262805995623,2.2724646994861404,1.85,0.4712836971134937,1.4807737194004373,0.2153868597002187,0.0,-68524.75794758997,-91373.84393011998,-68527.75794758997,0.6776288218190695,-3.1758159806235535,10.890218689562412,22.77082447067298,0.0,0.0,0.0,rampup_physics_current_and_shape_evolution,4.339880964092191e-06,4.542233629892782e-05,1138.4759020814,233.23134689368436,233.25057309248592,2.0009106032406003,231.23043629044375,301.588134969396,294.911865030604,0.16025790646681248,0.6953730226061781,0.2107363617489602,0.2
1.66,rampup,5.117312474074074,229.93477807340406,309.7197962190669,2.8630470442858784,0.8376989951595946,0.30130969854787837,2.3117943431778043,1.85,0.4735311053244459,1.486903014521216,0.21845150726060814,0.0,-69577.40823160608,-92777.37764214147,-69580.40823160608,0.6591162232606081,-3.2513225711393106,10.985251426191493,23.085029329919596,0.0,0.0,0.0,rampup_physics_current_and_shape_evolution,4.326446278046066e-06,4.441100260399932e-05,1158.089646467892,229.93477807340406,229.95104810197012,2.6698004618221893,227.26497761158188,306.2197962190669,290.2802037809331,0.16230100484040544,0.6979780088908095,0.20753226852714682,0.2
1.68,rampup,5.1470528,226.70328936738684,314.2861768934748,2.891733295075542,0.8356605238331487,0.3006981571499446,2.3510349162118875,1.85,0.4757734237835364,1.4930184285005539,0.22150921425027692,0.0,-70615.22202124425,-94161.12936165901,-70618.22202124425,0.6418592119649302,-3.325246675159832,11.077500822128735,23.39376984706713,0.0,0.0,0.0,rampup_physics_current_and_shape_evolution,4.313094206905508e-06,4.340195929740861e-05,1177.6589712017724,226.70328936738684,226.71673151125407,3.311113240173832,223.39217612721302,310.7861768934748,285.7138231065252,0.1643394761668513,0.7010036788963897,0.2048261556754555,0.2
1.7,rampup,5.179792592592593,223.5255692368373,318.7884654795171,2.918861736662933,0.8336274507283743,0.3000882352185123,2.390171573478794,1.85,0.4780098041987882,1.4991176478148769,0.22455882390743848,0.0,-71638.46942716294,-95525.45923621727,-71641.46942716294,0.6258894913934325,-3.39749493963547,11.167448971296091,23.697940903995843,0.0,0.0,0.0,rampup_physics_current_and_shape_evolution,4.299828929157129e-06,4.23955881105453e-05,1197.1764730076063,223.5255692368373,223.5363138998458,3.9252159832281883,219.60035325360911,315.2884654795171,281.2115345204829,0.16637254927162565,0.7044342908380106,0.2025832559423622,0.2
1.72,rampup,5.215426607407407,220.3908277583217,323.2276294494687,2.944458422189927,0.831600547019796,0.2994801641059388,2.429189469868926,1.85,0.4802393982782243,1.505198358940612,0.22759917947030595,0.0,-72647.37032942467,-96870.6604392329,-72650.37032942467,0.6112215673980279,-3.468008527080139,11.255535011753718,23.99837216782698,0.0,0.0,0.0,rampup_physics_current_and_shape_evolution,4.286654560893044e-06,4.139227077479904e-05,1216.634748609958,220.3908277583217,220.39900726606282,4.512477418422818,215.8783503398989,319.7276294494687,276.7723705505313,0.16839945298020398,0.7082542172952626,0.200770793362408,0.2
1.74,rampup,5.2538496,217.2888043107725,327.60442577015965,2.9685549850264787,0.8295805838819383,0.2988741751645815,2.468073760272687,1.85,0.48246135772986776,1.511258248354185,0.23062912417709247,0.0,-73642.09676594533,-98196.9623545938,-73645.09676594533,0.5978553704222715,-3.5367581778721187,11.342158256759944,24.2958316238887,0.0,0.0,0.0,rampup_physics_current_and_shape_evolution,4.273575157804356e-06,4.0392389021559475e-05,1236.026394733392,217.2888043107725,217.29455271390077,5.073267406807864,212.21553690396462,324.10442577015965,272.39557422984035,0.17041941611806166,0.7124479449656755,0.19935785326642153,0.2
1.76,rampup,5.294956325925926,214.20977447573824,331.91941155802476,2.9911879640782186,0.8275683324893257,0.2982704997467977,2.506809599580481,1.85,0.48467483426174174,1.5172950025320229,0.23364750126601153,0.0,-74622.77535409649,-99504.53380546201,-74625.77535409649,0.5857785662007879,-3.603739843600805,11.427681055845738,24.591028868081025,0.0,0.0,0.0,rampup_physics_current_and_shape_evolution,4.260594717176107e-06,3.93963245822162e-05,1255.3440081024737,214.20977447573824,214.2132273531409,5.607956410901499,208.60181806483675,328.41941155802476,268.08058844197524,0.17243166751067435,0.7170000742546152,0.1983152575307095,0.2
1.78,rampup,5.338641540740741,211.14455615031432,336.1729548642853,3.0123981329633596,0.8255645640164826,0.29766936920494474,2.5453821426827106,1.85,0.4868789795818691,1.5233063079505522,0.23665315397527614,0.0,-75589.48974188298,-100793.48632251065,-75592.48974188298,0.5749685892147711,-3.668970829231189,11.512431412162405,24.88461817916429,0.0,0.0,0.0,rampup_physics_current_and_shape_evolution,4.247717179882047e-06,3.840445918815887e-05,1274.5801854417673,211.14455615031432,211.14585041213732,6.116914978726923,205.0276411715874,332.6729548642853,263.8270451357147,0.17443543598351743,0.7218953187092896,0.197615444487062,0.2
1.8,rampup,5.3848,208.08451487218343,340.3652455745103,3.0322298432193877,0.8235700496379336,0.29707101489138005,2.5837765444697793,1.85,0.48907294539827306,1.5292898510861994,0.23964492554309968,0.0,-76542.28308511592,-102063.87744682125,-76545.28308511592,0.5653944294850868,-3.7324863885153796,11.59670537965301,25.177201389478647,0.0,0.0,0.0,rampup_physics_current_and_shape_evolution,4.234946432377672e-06,3.74171745707771e-05,1293.727523475838,208.08451487218343,208.083788562718,6.600513243462907,201.48400162872053,336.8652455745103,259.6347544254897,0.1764299503620665,0.7271185043042565,0.19723235349689344,0.2
1.82,rampup,5.433326459259259,205.0215683561921,344.4963064067941,3.050730390196176,0.8215855605282031,0.29647566815846094,2.6219779598320896,1.85,0.4912558834189765,1.5352433184153906,0.2426216592076953,0.0,-77481.1605469986,-103315.71406266482,-77484.1605469986,0.5570181999998361,-3.7943367230295353,11.68076926117491,25.46933057079464,0.0,0.0,0.0,rampup_physics_current_and_shape_evolution,4.222286308690265e-06,3.643485246146055e-05,1312.77861892925,205.0215683561921,205.0189604566138,7.059120438131122,197.96244791806097,340.9963064067941,255.50369359320592,0.17841443947179686,0.7326545685855662,0.19714131456408643,0.2
1.84,rampup,5.484115674074074,201.9481902418864,348.5660039927749,3.067949408768916,0.8196118678618158,0.29588356035854474,2.659971543660045,1.85,0.49342694535200254,1.5411643964145525,0.24558219820727623,0.0,-78406.09181653969,-104548.95575538627,-78409.09181653969,0.5497965091385114,-3.854584340530492,11.76486162653261,25.76151055037415,0.0,0.0,0.0,rampup_physics_current_and_shape_evolution,4.209740592404708e-06,3.545787459159883e-05,1331.726068526568,201.9481902418864,201.94384047284927,7.493104424746371,194.45508581714003,345.0660039927749,251.43399600722512,0.18038813213818417,0.7384885596803882,0.19731894354698443,0.2
1.86,rampup,5.5370624,198.85741305143165,352.5740600257081,3.0839383045129147,0.817649742813296,0.2952949228439888,2.6977424508440504,1.85,0.4955852829053743,1.5470507715601118,0.2485253857800559,0.0,-79317.01364220632,-105763.51818960844,-79320.01364220632,0.5436816598329026,-3.9133017330763424,11.849195167439749,26.05420127086814,0.0,0.0,0.0,rampup_physics_current_and_shape_evolution,4.197313018644106e-06,3.448662269258156e-05,1350.5624689923577,198.85741305143165,198.85146167551952,7.902831237351507,190.95458181408014,349.0740600257081,247.4259399742919,0.18235025718670395,0.7446056351787232,0.19774304356561193,0.2
1.88,rampup,5.592061392592592,195.74283035732782,356.52006245979567,3.09874972456442,0.8156999565571685,0.29470998696715056,2.7352758362745067,1.85,0.4977300477871146,1.5529001303284944,0.2514500651642473,0.0,-80213.83237722622,-106959.2765029683,-80216.83237722622,0.5386226948624377,-3.9705693395994786,11.93395840469259,26.347820006373933,0.0,0.0,0.0,rampup_physics_current_and_shape_evolution,4.1850072760443315e-06,3.352147849579841e-05,1369.2804170511824,195.74283035732782,195.7354179813592,8.288664638350735,187.4541657189771,353.02006245979567,243.47993754020433,0.18430004344283152,0.7509910608935167,0.19839251312520254,0.2
1.9,rampup,5.649007407407407,192.59859815934928,360.40347674496246,3.1124370710790172,0.8137632802679574,0.29412898408038723,2.772556854841819,1.85,0.49986039170524676,1.5587101591961277,0.2543550795980638,0.0,-81096.42653294594,-108136.0687105946,-81099.42653294594,0.5345663055889639,-4.026473761412851,12.019317261282938,26.64274344580554,0.0,0.0,0.0,rampup_physics_current_and_shape_evolution,4.172827008721741e-06,3.2562823732638934e-05,1387.8725094276085,192.59859815934928,192.58986553653926,8.65096568757026,183.94763247177903,356.90347674496246,239.59652325503754,0.18623671973204253,0.7576302095052218,0.19924726133076673,0.2
1.92,rampup,5.7077952,189.4194354701321,364.2236570812573,3.125054059013683,0.8118404851201876,0.29355214553605624,2.8095706614363896,1.85,0.5019754663677937,1.5644785446394374,0.25723927231971866,0.0,-81964.64933664931,-109293.69911553242,-81967.64933664931,0.5314576195665208,-4.081106202518449,12.105416513786883,26.939309653680898,0.0,0.0,0.0,rampup_physics_current_and_shape_evolution,4.160775818233529e-06,3.1611040134492835e-05,1406.3313428461995,189.4194354701321,189.40952330211044,8.990092323466563,180.42934314666553,360.7236570812573,235.77634291874273,0.18815951487981247,0.7645085590966023,0.2002881303847438,0.2
1.94,rampup,5.768319525925926,186.20062410882971,367.9798576770469,3.1366543189144656,0.8099323422883833,0.29297970268651496,2.846302410948622,1.85,0.5040744234827783,1.5702029731348501,0.2601014865674251,0.0,-82818.33129023785,-110431.94172031716,-82821.33129023785,0.5292408807917116,-4.134561109614252,12.192381133120023,27.23781991748749,0.0,0.0,0.0,rampup_physics_current_and_shape_evolution,4.148857265530196e-06,3.066650943274972e-05,1424.6495140315205,186.20062410882971,186.18967284751656,9.306398955907893,176.89422515292182,364.4798576770469,232.02014232295312,0.19006765771161677,0.7716116915832841,0.20149682536926278,0.2
1.96,rampup,5.830475140740741,182.93800770227367,371.6712439951579,3.1472910444945392,0.8080396229470691,0.29241188688412073,2.882737258268919,1.85,0.5061564147582239,1.5758811311587926,0.26294056557939627,0.0,-83657.28272617218,-111550.54363489627,-83660.28272617218,0.5278600348686004,-4.186934989400488,12.28031752463411,27.538540489941273,0.0,0.0,0.0,rampup_physics_current_and_shape_evolution,4.137074872899847e-06,2.972961335879923e-05,1442.819619708136,182.93800770227367,182.9261573516118,9.600236069960912,173.33777163231275,368.1712439951579,228.3287560048421,0.19196037705293084,0.7789252910453084,0.20285585113722565,0.2
1.98,rampup,5.894156799999999,179.62798989306754,375.2969039711113,3.157016684037568,0.8061630982707697,0.29184892948123087,2.9188603582876835,1.85,0.5082205919021533,1.5815107051876909,0.2657553525938455,0.0,-84481.29635707069,-112649.22847609427,-84484.29635707069,0.5272592300297211,-4.2383253832022465,12.369314676530973,27.841704233693555,0.0,0.0,0.0,rampup_physics_current_and_shape_evolution,4.125432125904067e-06,2.8800733644030992e-05,1460.834256600611,179.62798989306754,179.61537981061718,9.871949840113539,169.756040052954,371.7969039711113,224.7030960288887,0.19383690172923035,0.7864351419646689,0.2043484559859363,0.2
2.0,rampup,5.959259259259259,176.26753175405852,378.85585918758255,3.1658826740536177,0.8043035394340093,0.29129106183020276,2.9546568658953207,1.85,0.5102661066225898,1.587089381697972,0.268544690848986,0.0,-85290.14981535962,-113727.69975381283,-85293.14981535962,0.5273832437648015,-4.288829981084025,12.459445224674509,28.147512175356407,0.0,0.0,0.0,rampup_physics_current_and_shape_evolution,4.1139324753052655e-06,2.7880252019834618e-05,1478.6860214335106,176.26753175405852,176.254300452453,10.121881754377418,166.1456499996811,375.35585918758255,221.14414081241745,0.19569646056599072,0.7941271273735607,0.20595858167054887,0.2
2.02,rampup,6.025677274074074,172.85414840862782,382.34707598920943,3.1739392131404065,0.8024617176113126,0.2907385152833938,2.990111935982232,1.85,0.5122921106275561,1.5926148471660622,0.27130742358303106,0.0,-86083.60817936572,-114785.64423915431,-86086.60817936572,0.5281778437460696,-4.338545859560004,12.550766441079684,28.456134975102493,0.0,0.0,0.0,rampup_physics_current_and_shape_evolution,4.10257933898554e-06,2.6968550217599743e-05,1496.3675109313988,172.85414840862782,172.84043335689145,10.350368247711641,162.5037801609162,378.84707598920943,217.65292401079057,0.19753828238868737,0.8019872269177966,0.20767081923415925,0.2
2.04,rampup,6.0933056,169.3859048562499,385.7694765218582,3.181235073650469,0.8006384039772041,0.2901915211931612,3.0252107234388217,1.85,0.5142977556250755,1.5980847880683877,0.2740423940341939,0.0,-86861.42648224045,-115822.73530965394,-86864.42648224045,0.529590090789952,-4.387568828726248,12.643321152638897,28.767714317541685,0.0,0.0,0.0,rampup_physics_current_and_shape_evolution,4.091376103857113e-06,2.6066009968716015e-05,1513.871321818841,169.3859048562499,169.37184228097726,10.557740344216784,158.8281645120331,382.2694765218582,214.23052347814178,0.19936159602279596,0.8100015148396045,0.20947037008519145,0.2
2.06,rampup,6.162038992592592,165.8614110027782,389.1219496804485,3.1878174485213986,0.7988343697062081,0.28965031091186244,3.059938383155492,1.85,0.5162821933231709,1.6034968908813754,0.27674844544068766,0.0,-87623.35220010189,-116838.63626680251,-87626.35220010189,0.5315685907475192,-4.435992876179513,12.737138596001913,29.082364229078724,0.0,0.0,0.0,rampup_physics_current_and_shape_evolution,4.080326127764579e-06,2.5173013004573056e-05,1531.1900508204012,165.8614110027782,165.8471356891813,10.744323307558625,155.11708769521957,385.6219496804485,210.8780503195515,0.2011656302937918,0.8181561578837551,0.2113430117366236,0.2
2.08,rampup,6.231772207407408,162.27981589491844,392.40336194942546,3.193731830478258,0.7970503859728495,0.28911511579185484,3.0942800700226467,1.85,0.5182445754298655,1.6088488420814513,0.27942442104072573,0.0,-88369.12771577846,-117833.00362103796,-88372.12771577846,0.534063701459362,-4.48390969646143,12.832235213948172,29.40017232650714,0.0,0.0,0.0,rampup_physics_current_and_shape_evolution,4.06943274137927e-06,2.4289941056560515e-05,1548.3162946606446,162.27981589491844,162.26546098774313,10.910436299080475,151.36937959583796,388.90336194942546,207.59663805057454,0.2029496140271505,0.8264374131307191,0.21327506763014822,0.2
2.1,rampup,6.3024000000000004,158.64080115835782,395.6125681199582,3.199021920750307,0.7952872239516525,0.28858616718549573,3.1282209389306894,1.85,0.5201840536531822,1.6141383281450425,0.28206916407252125,0.0,-89098.49275453591,-118805.49033938123,-89101.49275453591,0.5370277002350258,-4.531408295994078,12.928615398072395,29.721201001190153,0.0,0.0,0.0,rampup_physics_current_and_shape_evolution,4.058699250086141e-06,2.3417175856067985e-05,1565.242650064136,158.64080115835782,158.62649796266456,11.056392043074926,147.58440911528288,392.1125681199582,204.3874318800418,0.20471277604834753,0.8348316257603052,0.21525338049572,0.2
2.12,rampup,6.373817125925926,154.94457363902342,398.74842186793205,3.203729564445102,0.7935456548171417,0.28806369644514246,3.1617461447700226,1.85,0.5220997797011441,1.619363035548575,0.28468151777428746,0.0,-89811.18678816632,-119755.74905088845,-89814.18678816632,0.5404149167140584,-4.578574664568908,13.026272182139794,30.04548854281409,0.0,0.0,0.0,rampup_physics_current_and_shape_evolution,4.048128935863657e-06,2.255509913448513e-05,1581.9617137554399,154.94457363902342,154.93045142083892,11.182496498685069,143.76207714033836,395.24842186793205,201.25157813206795,0.20645434518285832,0.8433252267489904,0.21726528873753456,0.2
2.14,rampup,6.445918340740741,151.1918572469492,401.80978617679176,3.2078947097788797,0.7918264497438415,0.28754793492315245,3.194840842431051,1.85,0.5239909052817743,1.6245206507684755,0.28726032538423774,0.0,-90506.95140381626,-120683.43520508838,-90509.95140381626,0.544181835427422,-4.625491505429636,13.125187890050414,30.3730502063703,0.0014829400486068471,-0.0014829400486068471,0.0,rampup_physics_current_and_shape_evolution,4.037725059157263e-06,2.1704092623201542e-05,1598.4660824591215,151.1918572469492,151.17804303379143,11.289048537918578,139.90280870903064,398.30978617679176,198.19021382320824,0.20817355025615852,0.8519047305038939,0.21929860538631757,0.2
2.16,rampup,6.5185984,147.38388400224142,404.7955435892837,3.211555388461281,0.7901303799062765,0.287039113971883,3.227490186804176,1.85,0.5258565821030957,1.6296088602811702,0.28980443014058516,0.0,-91185.53263392806,-121588.21017857078,-91188.53263392806,0.5482871718975717,-4.672238016863604,13.22533474197793,30.70387922572378,0.00739170781739617,-0.00739170781739617,0.0,rampup_physics_current_and_shape_evolution,4.027490860747122e-06,2.08645380536069e-05,1614.748352899745,147.38388400224142,147.37050238351534,11.376339629260357,136.00754437298104,401.2955435892837,195.20445641071632,0.20986962009372345,0.8605567324361287,0.22134159921078506,0.2
2.18,rampup,6.591752059259259,143.52238428262726,407.70460627213237,3.214747714664591,0.7884582164789713,0.28653746494369137,3.2596793327798017,1.85,0.5276959618731315,1.6346253505630859,0.292312675281543,0.0,-91846.6832436664,-122469.74432488857,-91849.6832436664,0.5526919256867671,-4.718889718996272,13.326675421912146,31.037947776857422,0.017606200014680905,-0.017606200014680905,0.0,rampup_physics_current_and_shape_evolution,4.01742956361083e-06,2.003681715709081e-05,1630.801121801875,143.52238428262726,143.50955720989606,11.444653526372662,132.0777307562546,404.20460627213237,192.29539372786763,0.21154178352102865,0.8692679064760043,0.22338297763497061,0.2
2.2,rampup,6.665274074074074,139.60957627208833,410.5359258776795,3.2175059001633124,0.7868107306364504,0.28604321919093506,3.291393435248331,1.85,0.5295081962999046,1.639567808090649,0.2947839040453245,0.0,-92490.16497219984,-123327.71996293316,-92493.16497219984,0.5573594134206274,-4.765518320180022,13.429163609532687,31.375207893636848,0.03191220149476478,-0.03191220149476478,0.0,rampup_physics_current_and_shape_evolution,4.0075443747819795e-06,1.9221311665042906e-05,1646.6169858900769,139.60957627208833,139.59742285922113,11.494265961380268,128.11531031070805,407.0359258776795,189.46407412232048,0.2131892693635497,0.8780250025323384,0.2254118711604364,0.2
2.22,rampup,6.7390592,135.6481546100792,413.2885031865012,3.2198622834014534,0.785188693553238,0.2855566080659714,3.322617649100168,1.85,0.5312924370914381,1.644433919340286,0.29721695967014294,0.0,-93115.75072420477,-124161.83429893974,-93118.75072420477,0.5622552844726568,-4.812191617990195,13.532744479070047,31.71559233872032,0.050095497111951486,-0.050095497111951486,0.0,rampup_physics_current_and_shape_evolution,3.997838487205443e-06,1.841840330885281e-05,1662.188541888915,135.6481546100792,135.6367909332714,11.525444342244196,124.12271026783499,409.7885031865012,186.7114968134988,0.214811306446762,0.8868148438978863,0.22741781904151107,0.2
2.24,rampup,6.813002192592593,131.64127824083516,415.96139751501033,3.2218473704255097,0.7835928764038589,0.28507786292115767,3.3533371292257153,1.85,0.5330478359557551,1.6492213707884231,0.29961068539421154,0.0,-93723.22670795686,-124971.80227727584,-93726.22670795686,0.567347521691043,-4.858973430396136,13.63735516756627,32.05901543203747,0.07194187172054474,-0.07194187172054474,0.0,rampup_physics_current_and_shape_evolution,3.988315081590398e-06,1.7628473819910175e-05,1677.508386522954,131.64127824083516,131.63081713850744,11.538447453726015,120.10283078710916,412.46139751501033,184.03860248498967,0.21640712359614106,0.8956243246026775,0.2293907560066492,0.2
2.26,rampup,6.886997807407406,127.59255746227916,418.55373587204144,3.223489885805453,0.7820240503628376,0.2846072151088513,3.3835370305153756,1.85,0.5347735446008786,1.653927848911487,0.3019639244557435,0.0,-94312.39451637301,-125757.35935516405,-94315.39451637301,0.5726064292775503,-4.90592355317032,13.742925214728116,32.40537383907888,0.09723711017484767,-0.09723711017484767,0.0,rampup_physics_current_and_shape_evolution,3.978977328262115e-06,1.685190492960463e-05,1692.5691165167586,127.59255746227916,127.58310833485865,11.533525161454012,116.05903230082515,415.05373587204144,181.44626412795856,0.21797594963716238,0.9044404067168111,0.2313209998592357,0.2
2.28,rampup,6.9609407999999995,123.506040174043,421.06472184840464,3.2248168318495787,0.7804829866046985,0.2841448959814095,3.4132025078595536,1.85,0.5364687147348316,1.6585510401859045,0.30427552009295217,0.0,-94883.07314736464,-126518.26419648624,-94886.07314736464,0.5780046096862537,-4.953097740040411,13.84937697636808,32.75454732107327,0.12576699732916513,-0.12576699732916513,0.0,rampup_physics_current_and_shape_evolution,3.969828389013687e-06,1.6089078369325774e-05,1707.3633285948943,123.506040174043,123.49770878361974,11.510918118605751,111.99512205543725,417.56472184840464,178.93527815159536,0.2195170133953015,0.9132501176040478,0.23319923982656787,0.2
2.3,rampup,7.034725925925925,119.38619732411607,423.49364422338624,3.225853554598517,0.7789704563039661,0.28369113689118985,3.4423187161486513,1.85,0.5381324980656371,1.6630886310881015,0.3065443155440507,0.0,-95435.10095986046,-127254.301279814,-95438.10095986046,0.5835169311940662,-5.000547702483395,13.956626013250734,33.10639944897834,0.15731731803780022,-0.15731731803780022,0.0,rampup_physics_current_and_shape_evolution,3.960871418958901e-06,1.5340375870463252e-05,1721.8836194819248,119.38619732411607,119.37908559397957,11.470857474719754,107.91533984939632,419.99364422338624,176.50635577661376,0.22102954369603384,0.9220405471272867,0.2350165255564431,0.2
2.32,rampup,7.10824794074074,115.23790755364261,425.8398852721638,3.2266238152562905,0.777487230635165,0.28324616919054946,3.4708708102730728,1.85,0.5397640463013185,1.667538308094505,0.3087691540472524,0.0,-95968.33756185537,-127965.28341580721,-95971.33756185537,0.5891204876026972,-5.048321126412525,14.064581457001616,33.46077828307418,0.1916738571550567,-0.1916738571550567,0.0,rampup_physics_current_and_shape_evolution,3.95210956838753e-06,1.4606179164406701e-05,1736.1225859024155,115.23790755364261,115.23211336769634,11.413564586158376,103.82434296748424,422.3398852721638,174.16011472783617,0.22251276936483494,0.9307988448068222,0.23676425668715684,0.2
2.34,rampup,7.181401599999999,111.06644103938169,428.1029287580941,3.2271498658802837,0.7760340807728197,0.2828102242318459,3.498843945123221,1.85,0.5413625111498983,1.671897757681541,0.31094887884077044,0.0,-96482.66562683952,-128651.05416911941,-96485.66562683952,0.5947945513603088,-5.096461703321454,14.173146354591369,33.81751701982298,0.22862239953523836,-0.22862239953523836,0.0,rampup_physics_current_and_shape_evolution,3.94354598462444e-06,1.3886869982545757e-05,1750.072824580931,111.06644103938169,111.06205804144074,11.339250727735617,99.72719031164607,424.6029287580941,171.8970712419059,0.2239659192271803,0.9395122169320256,0.23843417293912664,0.2
2.36,rampup,7.254081659259258,106.87744253335583,430.28236759382145,3.227452528306129,0.7746117778914546,0.2823835333674364,3.526223275589498,1.85,0.5429270443193999,1.676164666325636,0.313082333162818,0.0,-96977.99263495937,-129311.49017994589,-96980.99263495937,0.6005205212385019,-5.14500917372955,14.282217992777248,34.17643460754419,0.26794873003264874,-0.26794873003264874,0.0,rampup_physics_current_and_shape_evolution,3.935183813893931e-06,1.318283005627004e-05,1763.7269322420354,106.87744253335583,106.87455992632475,11.248116805035647,95.62932572832018,426.78236759382145,169.71763240617855,0.22538822210854537,0.9481679236268818,0.24001834469539857,0.2
2.38,rampup,7.326182874074073,102.67691359920676,432.3779111551471,3.2275512754267752,0.7732210931655943,0.28196632794967824,3.552993956562309,1.85,0.5444567975178463,1.6803367205032171,0.3151683602516085,0.0,-97454.25253526065,-129946.5033803476,-97457.25253526065,0.6062818655643398,-5.19399938102167,14.39168820376646,34.537336332349504,0.30943863350159173,-0.30943863350159173,0.0,rampup_physics_current_and_shape_evolution,3.927026203190853e-06,1.2494441116969198e-05,1777.0775056102943,102.67691359920676,102.67561594413526,11.14035306694009,91.53656053226666,428.8779111551471,167.6220888448529,0.22677890683440566,0.956753275869599,0.24150916405444234,0.2
2.4,rampup,7.3976,98.4711940447718,434.3893922315869,3.227464314077534,0.7718627977697633,0.28155883933092896,3.5791411429320563,1.85,0.5459509224532604,1.68441160669071,0.31720580334535503,0.0,-97911.4073253606,-130556.04310048086,-97914.4073253606,0.6120640618861201,-5.243464333997865,14.501443653259171,34.900014375685906,0.35287789479637094,-0.35287789479637094,0.0,rampup_physics_current_and_shape_evolution,3.919076302160088e-06,1.1822084896032827e-05,1790.1171414102723,98.4711940447718,98.47156105979002,11.016138817879362,87.45505522689244,430.8893922315869,165.6106077684131,0.2281372022302367,0.9652556324662688,0.24289933635242403,0.2
2.42,rampup,7.468227792592592,94.266942550409,436.3167735975387,3.227208668900228,0.770537662878486,0.2811612988635458,3.6046499895891437,1.85,0.5474085708336653,1.6883870113645418,0.3191935056822709,0.0,-98349.4485448951,-131140.0980598602,-98352.4485448951,0.6178545338439343,-5.293432276646405,14.611366111932687,35.26424834474667,0.3980522987712901,-0.3980522987712901,0.0,rampup_physics_current_and_shape_evolution,3.911337264986078e-06,1.1166143124850589e-05,1802.838436366534,94.266942550409,94.2690489095405,10.875642129333132,83.39130042107587,432.8167735975387,163.6832264024613,0.22946233712151398,0.9736623969783353,0.2441818721640839,0.2
2.44,rampup,7.537961007407407,90.07111649257426,438.16015418796854,3.2268002666701388,0.7692464596662871,0.28077393789988614,3.6295056514239734,1.85,0.5488288943670842,1.6922606210011386,0.32113031050056934,0.0,-98768.3986790837,-131698.69823877834,-98771.3986790837,0.6236425859202906,-5.343927763829885,14.72133271134099,35.62980577692892,0.4447476302806529,-0.4447476302806529,0.0,rampup_physics_current_and_shape_evolution,3.903812252294177e-06,1.0526997534812105e-05,1815.233987203644,90.07111649257426,90.07503162443034,10.719019550086708,79.35209694248755,434.66015418796854,161.83984581203146,0.23075354033371293,0.9819610146034242,0.24535007980193518,0.2
2.46,rampup,7.606694399999999,85.8909509621673,439.91977486251596,3.2262540206698955,0.7679899593076909,0.28039698779230726,3.65369328332695,1.85,0.5502110447615399,1.6960301220769272,0.3230150610384636,0.0,-99168.31246875356,-132231.91662500481,-99171.31246875356,0.6294193366609213,-5.394971741731187,14.83121618512471,35.99644261944131,0.49274967417876303,-0.49274967417876303,0.0,rampup_physics_current_and_shape_evolution,3.896504433065643e-06,9.905029857306996e-06,1827.2963906461673,85.8909509621673,85.89673884851399,10.546415814757362,75.34453514740993,436.41977486251596,160.08022513748404,0.23201004069230907,0.9901389690088218,0.24639755834312146,0.2
2.48,rampup,7.674322725925926,81.73393697715173,441.59602374190916,3.2255839147849286,0.766768932977222,0.2800306798931666,3.677198040188475,1.85,0.5515541737250557,1.6996932010683339,0.32484660053416686,0.0,-99549.2781231611,-132739.87083088153,-99552.2781231611,0.6351776508802308,-5.446581632045794,14.940885096354705,36.363903685096204,0.5418442153199243,-0.5418442153199243,0.0,rampup_physics_current_and_shape_evolution,3.889416986568254e-06,9.300621823724926e-06,1839.018243418668,81.73393697715173,81.74165595135368,10.357963550096896,71.37597342705483,438.09602374190916,158.40397625809084,0.2332310670227779,0.9981837791167005,0.24731819122244073,0.2
2.5,rampup,7.7407407407407405,77.60779888894581,443.18944110057015,3.2248030870768125,0.765584151849405,0.2796752455548215,3.7000050768989534,1.85,0.5528574329656544,1.703247544451785,0.32662377222589245,0.0,-99911.41843194769,-133222.7245759303,-99914.41843194769,0.6409120712986336,-5.498771419031422,15.05020405176717,36.73192308525645,0.5918170385584404,-0.5918170385584404,0.0,rampup_physics_current_and_shape_evolution,3.882553104304525e-06,8.714155165455488e-06,1850.3921422457117,77.60779888894581,77.61750143428108,10.15378297856814,67.45401591037766,439.68944110057015,156.81055889942985,0.23441584815059496,1.0060829958399307,0.2481061404390905,0.2
2.52,rampup,7.8058432,73.52047098208018,444.7007237992804,3.2239239126641612,0.7644363870987643,0.2793309161296293,3.7220995483487864,1.85,0.5541199741913592,1.706690838703707,0.32834541935185346,0.0,-100254.89177256366,-133680.68903008493,-100257.89177256366,0.6466187499993736,-5.551551738636443,15.15903390358865,37.10022464084734,0.6424539287486148,-0.6424539287486148,0.0,rampup_physics_current_and_shape_evolution,3.875915991979676e-06,8.146011613888345e-06,1861.4106838518624,73.52047098208018,73.53220352992693,9.933981618688827,63.58648936339136,441.2007237992804,155.2992762007196,0.23556361290123567,1.013824198767103,0.248755841434044,0.2
2.54,rampup,7.869524859259259,69.48007326660186,446.13072924176726,3.22295808580671,0.7633264098998244,0.2789979229699473,3.74346660942838,1.85,0.555340949110193,1.7100207703005268,0.3300103851502634,0.0,-100579.89300949247,-134114.0240126567,-100582.89300949247,0.6522953800394993,-5.604929969027005,15.267231939595314,37.46852227228904,0.6935406707447516,-0.6935406707447516,0.0,rampup_physics_current_and_shape_evolution,3.869508871491554e-06,7.5965729004130766e-06,1872.0664649616856,69.48007326660186,69.4938759944975,9.69865398162594,59.78141928497592,442.63072924176726,153.86927075823274,0.23667359010017558,1.02139499279513,0.2492619987049928,0.2
2.56,rampup,7.931680474074073,65.49488646270629,447.4804788390603,3.221916701147573,0.7622549914271098,0.27867649742813294,3.764091415028135,1.85,0.5565195094301791,1.7132350257186704,0.33161751285933516,0.0,-100886.65428160454,-134523.03904213945,-100889.65428160454,0.6579411275027497,-5.658910321920094,15.37465206200116,37.836520369152865,0.7448630494011542,-0.7448630494011542,0.0,rampup_physics_current_and_shape_evolution,3.8633349829448364e-06,7.066220756419373e-06,1882.3520822997452,65.49488646270629,65.5107930922643,9.447881263517823,56.04700519918847,443.9804788390603,152.5195211609397,0.23774500857289016,1.0287830047075692,0.2496195822369239,0.2
2.58,rampup,7.9922048,61.57332617704572,448.7511609654578,3.2208103341223944,0.7612229028551452,0.27836687085654355,3.783959120038456,1.85,0.5576548068593403,1.7163312914345645,0.33316564571728224,0.0,-101175.44567396761,-134908.09423195687,-101178.44567396761,0.6635565642405672,-5.713493934207397,15.481144955724837,38.2039141402968,0.7962068495721267,-0.7962068495721267,0.0,rampup_physics_current_and_shape_evolution,3.85739758669194e-06,6.555336913296856e-06,1892.2601325906064,61.57332617704572,61.59136377174315,9.181731032977405,52.39159514406832,445.2511609654578,151.2488390345422,0.23877709714485484,1.0359758796965555,0.24982382483900295,0.2
2.6,rampup,8.050992592592593,57.723916270180396,449.9441333899301,3.219649120592745,0.7602309153584548,0.2780692746075364,3.8030548793497454,1.85,0.5587459931056997,1.7193072539246357,0.3346536269623178,0.0,-101446.57577043858,-135269.60102725148,-101449.57577043858,0.6691436015106684,-5.768678959423712,15.586558246543081,38.57038994519019,0.8473578561119722,-0.8473578561119722,0.0,rampup_physics_current_and_shape_evolution,3.851699965403155e-06,6.0643031024351066e-06,1901.7832125588343,57.723916270180396,57.74410503300069,8.900256913239073,48.82365935694132,446.4441333899301,150.05586661006993,0.23976908464154523,1.0429612778259696,0.2498702204930235,0.2
2.62,rampup,8.107938607407407,53.955261414601296,451.0609251667779,3.2184428358059156,0.7592798001115633,0.27778394003346896,3.821363847852408,1.85,0.5597922198772805,1.7221605996653104,0.33608029983265514,0.0,-101700.39208335853,-135608.02277781142,-101703.39208335853,0.6747054246901019,-5.824460658674703,15.690736649600936,38.93562560709504,0.8981018538749949,-0.8981018538749949,0.0,rampup_physics_current_and_shape_evolution,3.846245426168693e-06,5.593501055223786e-06,1910.913918928993,53.955261414601296,53.97761448552929,8.603498258378288,45.35176315622301,447.5609251667779,148.9390748332221,0.2407201998884368,1.049726870433238,0.24975452383576402,0.2
2.64,rampup,8.1629376,50.2760188427347,452.10323796935126,3.21720097282467,0.7583703282889951,0.27751109848669847,3.838871180436845,1.85,0.5607926388821054,1.724889015133015,0.3374445075665074,0.0,-101937.28135667066,-135923.8751422276,-101940.28135667066,0.6802464292110081,-5.880831490692988,15.793522108713804,39.29929070873146,0.9482246277154984,-0.9482246277154984,0.0,rampup_physics_current_and_shape_evolution,3.841037302635399e-06,5.143312503052557e-06,1919.6448484256473,50.2760188427347,50.30054209610465,8.291479823016871,41.98453901971783,448.60323796935126,147.89676203064874,0.24162967171100497,1.0562603364668537,0.2494727509176999,0.2
2.66,rampup,8.215884325925925,46.69486928434651,453.0729468506221,3.215932820609575,0.7575032710652747,0.2772509813195824,3.8555620319934607,1.85,0.5617464018281977,1.7274901868041757,0.3387450934020878,0.0,-102157.66973877767,-136217.72631837026,-102160.66973877767,0.6857721578419617,-5.937781200739403,15.894753926864164,39.661046871016744,0.9975119624877862,-0.9975119624877862,0.0,rampup_physics_current_and_shape_evolution,3.83607895718104e-06,4.714119177311014e-06,1927.9685977733623,46.69486928434651,46.721561126036136,7.964211424930127,38.73065785941638,449.5729468506221,146.9270531493779,0.24249672893472524,1.0625493587564676,0.24902118140447066,0.2
2.68,rampup,8.26667354074074,43.22048709271834,453.97210041439274,3.214647541973944,0.7566793996149268,0.27700381988447803,3.8714215574126576,1.85,0.5626526604235804,1.7299618011552194,0.33998090057760966,0.0,-102362.02282145282,-136490.19709527044,-102365.02282145282,0.6912892394154729,-5.995296908108759,15.994268888266056,40.02054801543186,1.0457496430461624,-1.0457496430461624,0.0,rampup_physics_current_and_shape_evolution,3.831373783129245e-06,4.306302809388806e-06,1935.877763696702,43.22048709271834,43.24933825718315,7.6216875999263785,35.59879949279196,450.47210041439274,146.02789958560726,0.24332060038507314,1.0685816202121063,0.2483963624159997,0.2
2.7,rampup,8.3152,39.861509558952186,454.8029203809094,3.2133542516680147,0.7558994851124758,0.27676984553374273,3.886434911584841,1.85,0.5635105663762766,1.7323015446625725,0.34115077233128627,0.0,-102550.8455411157,-136741.96072148762,-102553.8455411157,0.6968053290825931,-6.053363192036839,16.091901372342708,40.37744061053494,1.0927234542449302,-1.0927234542449302,0.0,rampup_physics_current_and_shape_evolution,3.826925207008254e-06,3.920245130675513e-06,1943.3649429202324,39.861509558952186,39.89250290609311,7.2638872483591514,32.59762231059303,451.3029203809094,145.19707961909057,0.2441005148875242,1.0743447999487663,0.24759511423228409,0.2
2.72,rampup,8.36135845925926,36.62650541375001,455.5678005306365,3.212062094885671,0.7551642987324462,0.2765492896197338,3.9005872494004117,1.85,0.5643192713943092,1.7345071038026616,0.3422535519013308,0.0,-102724.68193878094,-136973.74258504127,-102727.68193878094,0.702329050158329,-6.11196217583846,16.187483459937173,40.73136390310912,1.138219180938394,-1.138219180938394,0.0,rampup_physics_current_and_shape_evolution,3.822736690856847e-06,3.5563278725608388e-06,1950.422732168517,36.62650541375001,36.659615725606244,6.890773272613953,29.735732141136054,452.0678005306365,144.43219946936352,0.24483570126755388,1.0798265693323545,0.24661453813580395,0.2
2.74,rampup,8.405043674074074,33.523942515969644,456.26930500993365,3.2107803265243757,0.7544746116493624,0.27634238349480866,3.9138637257497746,1.85,0.5650779271857014,1.736576165051913,0.34328808252595644,0.0,-102884.11477498485,-137186.31969997982,-102887.11477498485,0.7078699376064692,-6.17107360913559,16.280845032051886,41.08195013440058,1.1820226079808567,-1.1820226079808567,0.0,rampup_physics_current_and_shape_evolution,3.8188117345809665e-06,3.2149327664343636e-06,1957.0437281661214,33.523942515969644,33.55913629323264,6.502292204877036,27.02165031109261,452.76930500993365,143.73069499006635,0.24552538835063764,1.0850145879426132,0.24545202670969468,0.2
2.76,rampup,8.446150399999999,30.562154727240078,456.91016598236575,3.209518391568198,0.753831195037749,0.27614935851132466,3.926249495523332,1.85,0.5657856854584761,1.738506414886753,0.3442532074433765,0.0,-103029.76499599214,-137380.5199946562,-103032.76499599214,0.713438383199206,-6.230674948060141,16.371813861390777,41.42882474187347,1.223919520226622,-1.223919520226622,0.0,rampup_physics_current_and_shape_evolution,3.815153878364721e-06,2.8964415436857362e-06,1963.2205276376098,30.562154727240078,30.5993899855843,6.098373824462184,24.463780902777895,453.41016598236575,143.08983401763425,0.24616880496225102,1.0898964994483518,0.24410527697009574,0.2
2.78,rampup,8.48457339259259,27.749307971884903,457.493280609357,3.208286007005572,0.7532348200721306,0.2759704460216391,3.9377297136114873,1.85,0.5664416979206564,1.7402955397836084,0.3451477698918042,0.0,-103162.29104758106,-137557.22139677478,-103165.29104758106,0.719045582375403,-6.290741433338652,16.460215696956716,41.77160654687919,1.2636957025299944,-1.2636957025299944,0.0,rampup_physics_current_and_shape_evolution,3.811766705139636e-06,2.601235935704619e-06,1968.9457273075468,27.749307971884903,27.78853403809631,5.678930763949802,22.0703772079351,453.993280609357,142.506719390643,0.24676517992786945,1.0944599273899513,0.2425723067826102,0.2
2.8,rampup,8.520207407407407,25.093365481371166,458.02170734388955,3.207093245738742,0.7526862579270315,0.2758058773781094,3.9482895349046445,1.85,0.5670451162802653,1.7419412262189056,0.3459706131094528,0.0,-103282.3880327021,-137717.3507102695,-103285.3880327021,0.724703482811325,-6.351246166185788,16.545874341937324,42.10990792861022,1.3011369397452777,-1.3011369397452777,0.0,rampup_physics_current_and_shape_evolution,3.808653843116245e-06,2.3296976738805655e-06,1974.211923900498,25.093365481371166,25.1345227892725,5.2438581033541665,19.849507378016998,454.52170734388955,141.97829265611045,0.24731374207296858,1.0986924708637695,0.24085147509931712,0.2
2.82,rampup,8.552947199999998,22.602052222462596,458.4986615209279,3.2059506229919053,0.7521862797769763,0.27565588393309287,3.9579141142932053,1.85,0.567595092245326,1.743441160669071,0.34672058033453546,0.0,-103390.78670930173,-137861.882279069,-103393.78670930173,0.7304247347089401,-6.412160181950944,16.628611725093734,42.443334984681755,1.336029016726775,-1.336029016726775,0.0,rampup_physics_current_and_shape_evolution,3.8058189683822963e-06,2.0822084896032924e-06,1979.0117141410271,22.602052222462596,22.645072108625513,4.793032951493887,17.809019270968708,454.9986615209279,141.5013384790721,0.24781372022302367,1.1025817001026859,0.23894150665751437,0.2
2.84,rampup,8.582687525925925,20.28281850820565,458.92751022823455,3.204869185780849,0.7517356567964896,0.2755206970389469,3.9665886066675755,1.85,0.5680907775238614,1.7447930296105312,0.34739651480526557,0.0,-103488.2523245987,-137991.8364327983,-103491.2523245987,0.7362226427993701,-6.473452521477295,16.70824796584934,42.77148767865847,1.36815771832879,-1.36815771832879,0.0,rampup_physics_current_and_shape_evolution,3.80326580757208e-06,1.8591501142623397e-06,1983.3376947537,20.28281850820565,20.32762300743261,4.326314013702511,15.956504494503141,455.42751022823455,141.07248977176545,0.24826434320351043,1.1061151519466443,0.23684152190844768,0.2
2.86,rampup,8.60932314074074,18.142802790854084,459.31176644122513,3.2038606060699606,0.7513351601600958,0.2754005480480287,3.974298166918155,1.85,0.5685313238238945,1.7459945195197124,0.3479972597598562,0.0,-103575.58328209656,-138108.27770946213,-103578.58328209656,0.7421111200525975,-6.535090300145836,16.78460143325874,43.09395997481821,1.397308829405627,-1.397308829405627,0.0,rampup_physics_current_and_shape_evolution,3.800998140611644e-06,1.6609042792474374e-06,1987.18246246308,18.142802790854084,18.189304431420226,3.843541144973802,14.299261645880282,455.81176644122513,140.68823355877487,0.24866483983990417,1.1092803251966339,0.2345510730986078,0.2
2.88,rampup,8.632748799999998,16.188793635768313,459.6550824054913,3.2029372783140313,0.7509855610423195,0.2752956683126958,3.98102794993535,1.85,0.5689158828534485,1.7470433168730417,0.3485216584365208,0.0,-103653.6096376116,-138212.31285014885,-103656.6096376116,0.7481046430789737,-6.597038774588325,16.857488799021414,43.41033996041987,1.4232681348115888,-1.4232681348115888,0.0,rampup_physics_current_and_shape_evolution,3.7990198035448958e-06,1.4878527159481393e-06,1990.538613993733,16.188793635768313,16.236895234419265,3.344534887590275,12.844258748178039,456.1550824054913,140.34491759450867,0.24901443895768055,1.1120646758451183,0.23207018761381454,0.2
2.9,rampup,8.652859259259259,14.42719087528829,459.9612422506019,3.202112422164434,0.7506876306176851,0.27520628918530554,3.986763110609562,1.85,0.5692436063205464,1.7479371081469446,0.3489685540734723,0.0,-103723.19142059128,-138305.08856078843,-103726.19142059128,0.7542182092033491,-6.659261407062919,16.92672508468911,43.72020995571798,1.44582141940098,-1.44582141940098,0.0,rampup_physics_current_and_shape_evolution,3.7973346914458885e-06,1.3403771557541212e-06,1993.3987460702228,14.42719087528829,14.476785331964917,2.8290959922216503,11.598094883066638,456.4612422506019,140.0387577493981,0.24931236938231488,1.1144556121754707,0.22939941992455454,0.2
2.92,rampup,8.669549274074074,12.863965941513214,460.2341538187699,3.201400191213666,0.7504421400607171,0.27513264201821513,3.991488803831195,1.85,0.5695136459332111,1.7486735798178485,0.34933678990892425,0.0,-103785.2167769931,-138387.78903599086,-103788.2167769931,0.7604672951886443,-6.721719927494797,16.992123703201536,44.023146611943005,1.4647544680281037,-1.4647544680281037,0.0,rampup_physics_current_and_shape_evolution,3.795946761422849e-06,1.2188593300549775e-06,1995.7554554171154,12.863965941513214,12.914936033796245,2.2970049214366717,10.566961020076542,456.7341538187699,139.76584618123007,0.24955785993928287,1.1164404897224882,0.22653991374867824,0.2
2.94,rampup,8.6827136,11.504621376870865,460.47783969195376,3.2008157887614006,0.7502498605459402,0.275074958163782,3.995190184490652,1.85,0.5697251533994658,1.7492504183621795,0.34962520918108975,0.0,-103840.59992998942,-138461.63323998597,-103843.59992998942,0.7668678175823211,-6.7843743931913,17.053496494870515,44.31872099744204,1.479853065547264,-1.479853065547264,0.0,rampup_physics_current_and_shape_evolution,3.7948600357198724e-06,1.1236809702403839e-06,1997.6013387589744,11.504621376870865,11.55683955413281,1.7480213345034896,9.756600042367376,456.97783969195376,139.52216030804624,0.24975013945405983,1.1180066060855527,0.22349347638499498,0.2
2.96,rampup,8.692246992592592,10.354149521277353,460.69642740093525,3.2003755917120134,0.7501115632478786,0.27503346897436354,3.9978524074783364,1.85,0.5698772804273334,1.7496653102563642,0.34983265512818207,0.0,-103890.27895475793,-138527.87193967734,-103893.27895475793,0.773436094656422,-6.847183246247335,17.110653757919152,44.60649867215171,1.490902996812764,-1.490902996812764,0.0,rampup_physics_current_and_shape_evolution,3.794078604922493e-06,1.0552238076999213e-06,1998.9289928203652,10.354149521277353,10.407477698515711,1.1818835522856108,9.172265968991743,457.19642740093525,139.30357259906475,0.2498884367521214,1.119141195585465,0.2202626675806175,0.2
2.98,rampup,8.698044207407406,9.416990374636416,460.8941387998944,3.2000972838610036,0.7500280193410571,0.2750084058023171,3.9994606276846514,1.85,0.5699691787248372,1.7499159419768286,0.34995797098841436,0.0,-103935.21336361227,-138587.78448481648,-103938.21336361227,0.7801888099095617,-6.910103368661985,17.163404273669023,44.88603975055099,1.4976900466789083,-1.4976900466789083,0.0,rampup_physics_current_and_shape_evolution,3.793606631273737e-06,1.0138695738232519e-06,1999.7310143258521,9.416990374636416,9.547563555182926,0.5983080009764657,8.81868237365995,457.3941387998944,139.1058612001056,0.24997198065894294,1.119831423755419,0.2168509057897475,0.2
3.0,rampup,8.7,9.002123950182296,461.0783299431426,3.2000000000000006,0.75,0.27499999999999997,4.0,1.85,0.57,1.75,0.35,0.0,-103977.07498707777,-138643.59998277048,-103980.07498707777,0.7871429770974033,-6.973090135191646,17.211555326455304,45.15689895321881,1.5,-1.5,0.0,rampup_end_to_flattop,3.7934483521076427e-06,9.999999999999972e-07,2000.0,9.002123950182296,9.20955716240874,0.30212395018232,8.699999999999976,457.5783299431426,138.9216700568574,0.25,1.1200643816559683,0.21326259527655925,0.2
