time_s,stage,Ip_MA,I_CS1_MA,I_CS2_MA,I_CS3_MA,I_PF1_MA,I_PF2_MA,I_PF3_MA,I_PF4_MA,I_Div1_MA,I_Div2_MA,I_VS_bias_MA,B0_T,loop_voltage_V,flux_consumed_Wb,q95,pf_balance_residual,strike_point_residual
0.08,rampup,0.15,4.999636363636363,5.999515151515151,4.999636363636363,0.19102964155110783,0.2868677468147797,-0.3905587181419407,-0.5781290200545568,0.0,0.0,0.0,12.2,17.093413353569524,1.6,30.604964325197404,14.778850131513968,
0.1,rampup,0.1580818376457726,4.99955222899591,5.999402971994548,4.99955222899591,0.18256941930657541,0.274560003957346,-0.38129450191418823,-0.5569209149519763,0.0,0.0,0.0,12.2,19.92582844564986,1.9701924179921941,29.097887590647332,14.246752188621196,
0.12,rampup,0.18193786443148685,4.99944728376787,5.999263045023827,4.99944728376787,0.17458055424747707,0.2630100913711905,-0.3722144058128126,-0.5363596413508747,0.0,0.0,0.0,12.2,26.250071892064163,2.4319514213693343,25.430680841027918,13.738025031594335,
0.14,rampup,0.22098385112973765,4.999310689709348,5.9990809196124655,4.999310689709348,0.16702780110182153,0.2521575865692489,-0.36332374803809986,-0.5164287225892509,0.0,0.0,0.0,12.2,33.85131385744833,3.03296527886446,21.13820989091812,13.251331639028127,
0.16,rampup,0.27463556851311954,4.9991368888746255,5.998849185166169,4.9991368888746255,0.15987909460501984,0.24194768983096426,-0.3546263411053405,-0.49711139254260656,0.0,0.0,0.0,12.2,42.62105342033358,3.7976889516422787,17.23294365623177,12.78544950872871,
0.18,rampup,0.34230878735422743,4.998920839906651,5.998561119875537,4.998920839906651,0.15310523272443938,0.23233065611864423,-0.346124695952151,-0.47839072025689106,0.0,0.0,0.0,12.2,52.44049248827417,4.748304410728355,14.055716895679845,12.33925549921257,
0.2,rampup,0.4234192784256561,4.9986580605409765,5.99821074738797,4.9986580605409765,0.1466795929320645,0.2232612866320448,-0.3378202023781761,-0.460249717424753,0.0,0.0,0.0,12.2,63.18242840864259,5.904533619697524,11.589056025054182,11.911713126991572,
0.22,rampup,0.5173828125000002,4.9983446617451035,5.997792882326808,4.9983446617451035,0.1405778780230032,0.214698473667946,-0.32971328836371755,-0.44267143057581254,0.0,0.0,0.0,12.2,74.71304177525033,7.283488321536453,9.70222398903783,11.501861913898187,
0.24,rampup,0.6236151603498541,4.997977373960911,5.997303165281217,4.997977373960911,0.13477788834788165,0.2066047931209101,-0.32180356055417664,-0.4256390196733596,0.0,0.0,0.0,12.2,86.89358326952383,8.899554571984194,8.25793256231275,11.108808441315656,
0.26,rampup,0.7415320927478134,4.997553565899755,5.996738087866342,4.997553565899755,0.12925931765864934,0.1989461395607462,-0.31408992796380714,-0.40913582464843734,0.0,0.0,0.0,12.2,99.58196363907686,10.764310041070202,7.143736327497229,10.731718822318774,
0.28,rampup,0.8705493804664726,4.997071256321091,5.996095008428123,4.997071256321091,0.12400357006406464,0.19169139935882304,-0.30657071074217773,-0.39314542125553775,0.0,0.0,0.0,12.2,112.63425097331083,12.88647218719408,6.27500958687399,10.369812349284643,
0.3,rampup,1.0100827942784256,4.9965291192068015,5.995372158942404,4.9965291192068015,0.11899359585678623,0.18481215781585075,-0.2992437356574073,-0.3776516675003463,0.0,0.0,0.0,12.2,125.9060793140051,15.271875490067234,5.589988414385022,10.022356114355311,
0.32,rampup,1.1595481049562681,4.995926482725693,5.99456864363426,4.995926482725693,0.11421374421179954,0.17828243667394292,-0.29210641977945234,-0.3626387417676902,0.0,0.0,0.0,12.2,139.2539723738433,17.92347600694572,5.04393990432303,9.688660434032338,
0.34,rampup,1.318361083272595,4.995263322366286,5.993684429821718,4.995263322366286,0.1096496309687607,0.1720784587808955,-0.2851558436925755,-0.3480911736658937,0.0,0.0,0.0,12.2,152.53658576501698,20.841381588334325,4.604364175209281,9.368074937903362,
0.36,rampup,1.4859374999999997,4.9945402486015915,5.992720331468792,4.9945402486015915,0.10528801990132226,0.16617843701933416,-0.2783888154269694,-0.33399386850117546,0.0,0.0,0.0,12.2,165.6158707002169,24.022906152986657,4.247450472303053,9.059985205722706,
0.38,rampup,1.6616931259110783,4.993758489437153,5.991677985916207,4.993758489437153,0.10111671604692973,0.16056238492185781,-0.27180192617387916,-0.3203321262017552,0.0,0.0,0.0,12.2,178.35816165299207,27.46264647651875,3.9555642948847662,8.763809857405834,
0.4,rampup,1.8450437317784256,4.992919868183437,5.990559824244585,4.992919868183437,0.09712446982301894,0.15521194666927257,-0.2653915987352021,-0.3070916554253038,0.0,0.0,0.0,12.2,190.63518998230305,31.152579992871704,3.7154901996609064,8.478998017498473,
0.42,rampup,2.035405088374635,4.992026776785613,5.989369035714153,4.992026776785613,0.09330089079185186,0.1501102444158124,-0.2591541295563015,-0.2942585835047232,0.0,0.0,0.0,12.2,202.32502506011713,35.082182143295896,3.517204555944735,8.205027089832164,
0.44,rampup,2.2321929664723035,4.991082145037731,5.988109526716976,4.991082145037731,0.08963637005807701,0.14524174110588606,-0.25308572509864685,-0.2818194628154693,0.0,0.0,0.0,12.2,213.31294400814846,39.23856183397856,3.353013985017019,7.941400789806477,
0.46,rampup,2.434823136844023,4.990089406004163,5.9867858746722185,4.990089406004163,0.08612201039198071,0.1405921171440727,-0.2471825332259693,-0.2697612740822925,0.0,0.0,0.0,12.2,223.49223076188383,43.606613581678886,3.2169453717559833,7.687647391418466,
0.48,rampup,2.6427113702623903,4.989052457968696,5.985403277291597,4.989052457968696,0.08274956326865628,0.13614815945623537,-0.24144067020307441,-0.25807142708393527,0.0,0.0,0.0,12.2,232.76490484340317,48.16918493773175,3.104309590734798,7.443318154117655,
0.5,rampup,2.8552734374999997,4.987975623230548,5.983967497640732,4.987975623230548,0.0795113721001713,0.13189766163692473,-0.23585624383951995,-0.2467377591606038,0.0,0.0,0.0,12.2,241.04237994167175,52.9072577855825,3.0113860628451854,7.207985901080591,
0.52,rampup,3.0719251093294466,4.986863604066659,5.982484805422215,4.986863604066659,0.07640032101534362,0.12782933401866095,-0.230425373250363,-0.23574853188052916,0.0,0.0,0.0,12.2,248.24605216919878,57.80014210669121,2.935192131607396,6.981243725814282,
0.54,rampup,3.2920821565233234,4.985721436180629,5.980961914907508,4.985721436180629,0.07340978861092723,0.12393272262398485,-0.22514420565245552,-0.22509242617828246,0.0,0.0,0.0,12.2,254.3078176841262,62.825680805224465,2.8733125834305375,6.762703808317872,
0.56,rampup,3.515160349854228,4.984554439960365,5.979405919947155,4.984554439960365,0.07053360615973872,0.1201981360729512,-0.22000893056674628,-0.21475853623834637,0.0,0.0,0.0,12.2,259.17051923226654,67.96046417438839,2.8237722620434647,6.55199632553154,
0.58,rampup,3.740575460094752,4.983368169868771,5.977824226491697,4.983368169868771,0.06776601981631468,0.11661657961842503,-0.21501579175417893,-0.20473636236241682,0.0,0.0,0.0,12.2,262.78832106881487,73.18005257739918,2.784939885763563,6.348768443627447,
0.6,rampup,3.9677432580174927,4.982168362294391,5.97622448305919,4.982168362294391,0.06510165640979106,0.11317969557042697,-0.2101610971745691,-0.1950158030276812,0.0,0.0,0.0,12.2,265.1270116584877,78.45920590467222,2.755454692356636,6.152683381973002,
0.62,rampup,4.196079514395045,4.980960882191713,5.974614509588952,4.980960882191713,0.06253549245747615,0.10987970945000694,-0.20544122722383404,-0.18558714631555953,0.0,0.0,0.0,12.2,266.1642335198094,83.7721183564552,2.7341699541526006,5.9634195404242,
0.64,rampup,4.425000000000001,4.979751668843784,5.9730022251250485,4.979751668843784,0.06006282607161822,0.10670938128374612,-0.20085264147472406,-0.17644106086580108,0.0,0.0,0.0,12.2,265.88963956863836,89.09265708733967,2.7201090846007006,5.780669683071441,
0.66,rampup,4.653920485604957,4.978546681082667,5.971395574776893,4.978546681082667,0.057679251466664375,0.10366196151292217,-0.1963918841193715,-0.16756858648910244,0.0,0.0,0.0,12.2,264.3049753227044,94.3946032362531,2.712431234028491,5.604140172732132,
0.68,rampup,4.882256741982507,4.977351842306143,5.969802456408193,4.977351842306143,0.05538063580532246,0.10073115104745597,-0.1920555882881895,-0.1589611245522778,0.0,0.0,0.0,12.2,261.42408634849033,99.65189385296506,2.7104041051498706,5.433550251420844,
0.7,rampup,5.109424539905248,4.976172985631805,5.968230647509075,4.976172985631805,0.05316309814938757,0.09791106504473335,-0.18784047939859444,-0.15061042823321918,0.0,0.0,0.0,12.2,257.2728503603741,104.83886322005368,2.713382313973259,5.268631362776021,
0.72,rampup,5.334839650145773,4.975015799532311,5.966687732709751,4.975015799532311,0.05102299030594334,0.09519620003792802,-0.18374337766840299,-0.14250859272818436,0.0,0.0,0.0,12.2,251.88903341637928,109.93048205782122,2.7207900510084917,5.109126513019988,
0.74,rampup,5.557917843476678,4.973885774297973,5.965181032397299,4.973885774297973,0.04895687938152377,0.09258140407813853,-0.17976119991231093,-0.13464804548113346,0.0,0.0,0.0,12.2,245.32206969252934,114.90259308891031,2.73210711009004,4.954789667507421,
0.76,rampup,5.778074890670554,4.972788149675134,5.963717532900181,4.972788149675134,0.04696153187641749,0.09006184959002116,-0.17589096072535282,-0.12702153649369824,0.0,0.0,0.0,12.2,237.6327643565674,119.73214142940128,2.746857581494682,4.805385180301113,
0.78,rampup,5.994726562500001,4.971727864030914,5.9623038187078885,4.971727864030914,0.045033899168771575,0.08763300867212813,-0.17212977314446187,-0.11962212876472565,0.0,0.0,0.0,12.2,228.8929191000963,124.39739826396793,2.7646006758013995,4.660687254522953,
0.8,rampup,6.207288629737611,4.9707095053967665,5.960946007195692,4.9707095053967665,0.04317110425374124,0.08529063060126651,-0.1684748488680083,-0.11244318890003151,0.0,0.0,0.0,12.2,219.18487992473476,128.87817625421624,2.784923271569505,4.520479431478377,
0.82,rampup,6.415176863155977,4.969737264745093,5.959649686326793,4.969737264745093,0.041370429616839684,0.08303072132525526,-0.16492349810331564,-0.10547837792587533,0.0,0.0,0.0,12.2,208.6010068117754,133.1560351215813,2.8074338750270975,4.3845541067570055,
0.84,rampup,6.617807033527697,4.968814891854759,5.958419855806347,4.968814891854759,0.039629306133055264,0.08084952475080953,-0.16147312910349454,-0.09872164233359855,0.0,0.0,0.0,12.2,197.24306493540337,137.2144758390531,2.8317577518550867,4.252712071681022,
0.86,rampup,6.814594911625365,4.967945654122846,5.957260872163796,4.967945654122846,0.037945302894383325,0.07874350565322193,-0.15812124744734932,-0.09216720537773063,0.0,0.0,0.0,12.2,185.22153710632935,141.03912185947044,2.857533045778724,4.124762078614231,
0.88,rampup,7.004956268221576,4.967132298681342,5.956176398241792,4.967132298681342,0.03631611787831501,0.07670933405230286,-0.15486545510949096,-0.08580955864556289,9.880142533203914e-06,-9.880142533203914e-06,0.0,12.2,172.65485715536755,144.61788580208741,2.8844077403528785,4.000520428765365,
0.9,rampup,7.188306874088923,4.9663770181787505,5.95516935757167,4.9663770181787505,0.03473956937866323,0.07474387091492493,-0.15170344936202002,-0.07964345391262397,4.796829446064178e-05,-4.796829446064178e-05,0.0,12.2,159.66856398483745,147.94112001348947,2.9120373521985545,3.87981058122459,
0.92,rampup,7.364062500000001,4.965681420587809,5.9542418941170805,4.965681420587809,0.03321358812800375,0.07284415505869563,-0.14863302154413346,-0.07366389529558318,0.00011111111111111173,-0.00011111111111111173,0.0,12.2,146.39437602951728,151.001749413633,2.940083268333956,3.7624627820667955,
0.94,rampup,7.531638916727405,4.9650465034016555,5.9533953378688755,4.9650465034016555,0.03173621004806814,0.0710073911439477,-0.14565205573167983,-0.06786613171179381,0.0001955124311629417,-0.0001955124311629417,0.0,12.2,132.9691858780851,153.79538503270902,2.9682116588645537,3.6483137124433407,
0.96,rampup,7.690451895043732,4.964472632581908,5.95263017677588,4.964472632581908,0.030305569570737333,0.06923093865255016,-0.14275852733496136,-0.06224564965290436,0.00029737609329446115,-0.00029737609329446115,0.0,12.2,119.53397481038377,156.3204166395937,2.99609291044276,3.537206154668994,
0.98,rampup,7.839917205721576,4.963959526623237,5.9519460354976506,4.963959526623237,0.02891989347792975,0.06751230176215339,-0.13995050164990283,-0.056798166278666726,0.0004129059361839981,-0.0004129059361839981,0.0,12.2,106.23264700527665,158.5780828577503,3.023401536557796,3.42898867539659,
1.0,rampup,7.9794506195335275,4.963506246100115,5.951341661466822,4.963506246100115,0.027577495213729035,0.0658491200335197,-0.13722613238501832,-0.05151962283621398,0.0005383057985098811,-0.0005383057985098811,0.0,12.2,93.21078316804591,160.57251715948354,3.049816528623998,3.32351532506229,
1.02,rampup,8.108467907252187,4.963111189062654,5.950814918750208,4.963111189062654,0.026276769626616698,0.06423915983666956,-0.13458366018436374,-0.04640617840963587,0.0006697795189504383,-0.0006697795189504383,0.0,12.2,80.61431331488059,162.3107681243128,3.0750221175936012,3.220645352883448,
1.04,rampup,8.226384839650146,4.962772092649588,5.950362790199452,4.962772092649588,0.025016188103721224,0.06268030644879913,-0.13202141116482669,-0.04145420400462281,0.0008035309361839984,-0.0008035309361839984,0.0,12.2,68.5881084345738,163.80279234180733,3.098708919907291,3.1202429368041495,
1.06,rampup,8.3326171875,4.962486041287865,5.949981388383821,4.962486041287865,0.02379429406261747,0.06117055676338471,-0.12953779548464625,-0.03666027697326542,0.0009357638888888902,-0.0009357638888888902,0.0,12.2,57.27449072343323,165.0614183333874,3.1205754444138494,3.022176927916842,
1.08,rampup,8.426580721574343,4.962249481849726,5.949665975799636,4.962249481849726,0.022609698769453096,0.059708012555667316,-0.12713130595894684,-0.032021175784776305,0.0010626822157434415,-0.0010626822157434415,0.0,12.2,46.81166205782873,166.1022798612,3.1403299387931676,2.926320609050084,
1.1,rampup,8.507691212645772,4.962058246139757,5.94941099485301,4.962058246139757,0.021461077455081645,0.05829087425487384,-0.12480051673729459,-0.02753387514894636,0.0011804897554259812,-0.0011804897554259812,0.0,12.2,37.33205032871281,166.9437169850654,3.1576925553343154,2.8325514674129444,
1.12,rampup,8.57536443148688,4.961907581086254,5.949210108115007,4.961907581086254,0.02034716570347922,0.0569174351781463,-0.12254408205783243,-0.023195541500567688,0.0012853903466148375,-0.0012853903466148375,0.0,12.2,28.960573212490374,167.60664322047745,3.1723978169815146,2.740750981439959,
1.14,rampup,8.629016148870262,4.961792187013291,5.949056249351056,4.961792187013291,0.0192667560890443,0.055586076185269576,-0.1203607350924121,-0.019003528854867727,0.0013735878279883384,-0.0013735878279883384,0.0,12.2,21.812818891084724,168.1143771415132,3.184197365715901,2.650804422305406,
1.16,rampup,8.668062135568512,4.961706264372269,5.948941685829693,4.961706264372269,0.018218695041454583,0.054295260716960246,-0.11824928689732199,-0.014955375046233703,0.0014412860382248141,-0.0014412860382248141,0.0,12.2,15.993143158784122,168.49243676201186,3.1928629769869867,2.5626006709975213,
1.18,rampup,8.691918162354227,4.961643569314496,5.948858092419328,4.961643569314496,0.01720187991860455,0.05304353018274693,-0.116208625484718,-0.011048798365202988,0.0014846888160025917,-0.0014846888160025917,0.0,12.2,11.59268226170368,168.76829501621674,3.1981898265201805,2.4760320523966213,
1.2,rampup,8.7,4.961595051125706,5.94879340150094,4.961595051125706,0.01621525626979218,0.05182949966737031,-0.11423771503071486,-0.007281694611907957,0.0015,-0.0015,0.0,12.2,9.75532080586774,168.98177504689247,3.2000000000000006,2.390994188533543,
1.2,flattop,8.7,4.961595051125706,5.94879340150094,4.961595051125706,0.01621525626979218,0.05182949966737031,-0.11423771503071486,-0.007281694611907957,0.0,0.0,0.0,12.2,1.2167789089464505,-311.018225,3.2000000000000006,0.0,0.0
1.22,flattop,8.700313952597647,4.961589509282107,5.948786012376143,4.961589509282107,0.01621525626979218,0.05182949966737031,-0.11423771503071486,-0.007281694611907957,2.353485711811955e-06,-1.7752336941677398e-06,0.0,12.2,1.221632274255839,-310.99384088816794,3.2007791454866905,0.0,0.0011796482887526287
1.24,flattop,8.700626666167821,4.96158394848082,5.948778597974427,4.96158394848082,0.01621525626979218,0.05182949966737031,-0.11423771503071486,-0.007281694611907957,4.669855548044954e-06,-3.522470892505653e-06,0.0,12.2,1.2251202919358155,-310.969373362506,3.2015552432842904,0.0,0.002340692819304167
1.26,flattop,8.700936906572927,4.961578375012775,5.9487711666837,4.961578375012775,0.01621525626979218,0.05182949966737031,-0.11423771503071486,-0.007281694611907957,6.91257897264803e-06,-5.214156620646057e-06,0.0,12.2,1.227205648144913,-310.94485010310524,3.202325229990521,0.0,0.00346482322583278
1.28,flattop,8.701243449435824,4.961572795274125,5.948763727032167,4.961572795274125,0.01621525626979218,0.05182949966737031,-0.11423771503071486,-0.007281694611907957,9.046286897478715e-06,-6.82361198409328e-06,0.0,12.2,1.2278793576458482,-310.92029925304735,3.203086066007855,0.0,0.004534311300305336
1.3,flattop,8.701545084971874,4.9615672156891355,5.948756287585514,4.9615672156891355,0.01621525626979218,0.05182949966737031,-0.11423771503071486,-0.007281694611907957,1.1037329473945911e-05,-8.325454910322835e-06,0.0,12.2,1.2271380381490573,-310.8957490790894,3.203834747552489,0.0,0.005532290576905599
1.32,flattop,8.701840622763422,4.961561642684651,5.948748856912867,4.961561642684651,0.01621525626979218,0.05182949966737031,-0.11423771503071486,-0.007281694611907957,1.2854306771227794e-05,-9.696000439230793e-06,0.0,12.2,1.2249839350737064,-310.8712278593572,3.2045683185266896,0.0,0.006443022326277787
1.34,flattop,8.702128896457825,4.961556082664518,5.94874144355269,4.961556082664518,0.01621525626979218,0.05182949966737031,-0.11423771503071486,-0.007281694611907957,1.4468563971936991e-05,-1.0913634249102349e-05,0.0,12.2,1.2214249234091157,-310.8467637707724,3.205283882207335,0.0,0.007252143764689716
1.36,flattop,8.702408768370509,4.961550541984041,5.948734055978721,4.961550541984041,0.01621525626979218,0.05182949966737031,-0.11423771503071486,-0.007281694611907957,1.585464327570749e-05,-1.1959153527376413e-05,0.0,12.2,1.2164744865140413,-310.8223847766732,3.2059786127041927,0.0,0.007946894563711756
1.38,flattop,8.702679133974895,4.961545026924591,5.948726702566121,4.961545026924591,0.01621525626979218,0.05182949966737031,-0.11423771503071486,-0.007281694611907957,1.6990685383915155e-05,-1.2816069810471628e-05,0.0,12.2,1.2101516717754905,-310.79811851509027,3.2066497661422924,0.0,0.008516318088219295
1.4,flattop,8.702938926261462,4.961539543668466,5.948719391557954,4.961539543668466,0.01621525626979218,0.05182949966737031,-0.11423771503071486,-0.007281694611907957,1.7858774233875024e-05,-1.3470869016706715e-05,0.0,12.2,1.2024810231566494,-310.77399218814094,3.207294691523765,0.0,0.008951434189073798
1.42,flattop,8.703187119948742,4.961534098274115,5.948712131032154,4.961534098274115,0.01621525626979218,0.05182949966737031,-0.11423771503071486,-0.007281694611907957,1.844521954585228e-05,-1.3913224571441401e-05,0.0,12.2,1.193492490790413,-310.7500324530015,3.2079108412257797,0.0,0.009245380825439119
1.44,flattop,8.703422735529642,4.961528696651824,5.9487049288690965,4.961528696651824,0.01621525626979218,0.05182949966737031,-0.11423771503071486,-0.007281694611907957,1.8740772726951497e-05,-1.4136160263327049e-05,0.0,12.2,1.183221317864371,-310.72626531491494,3.2084957810925854,0.0,0.009393522283264524
1.46,flattop,8.703644843137106,4.961523344539953,5.948697792719936,4.961523344539953,0.01621525626979218,0.05182949966737031,-0.11423771503071486,-0.007281694611907957,1.8740772726951497e-05,-1.4136160263327049e-05,0.0,12.2,1.171707905163035,-310.7027160226847,3.209047200081225,0.0,0.009393522283264524
1.48,flattop,8.703852566213879,4.9615180474818645,5.948690729975818,4.9615180474818645,0.01621525626979218,0.05182949966737031,-0.11423771503071486,-0.007281694611907957,1.844521954585228e-05,-1.3913224571441401e-05,0.0,12.2,1.1589976537536946,-310.6794089670955,3.2095629194222433,0.0,0.009245380825439119
1.5,flattop,8.704045084971874,4.961512810803591,5.94868374773812,4.961512810803591,0.01621525626979218,0.05182949966737031,-0.11423771503071486,-0.007281694611907957,1.7858774233875024e-05,-1.3470869016706715e-05,0.0,12.2,1.1451407863952183,-310.65636758269403,3.210040901258626,0.0,0.008951434189073798
1.52,flattop,8.704221639627509,4.9615076395923765,5.948676852789833,4.9615076395923765,0.01621525626979218,0.05182949966737031,-0.11423771503071486,-0.007281694611907957,1.6990685383915155e-05,-1.2816069810471628e-05,0.0,12.2,1.1301921483631594,-310.6336142533464,3.210479256728213,0.0,0.008516318088219295
1.54,flattop,8.704381533400218,4.961502538676156,5.948670051568206,4.961502538676156,0.01621525626979218,0.05182949966737031,-0.11423771503071486,-0.007281694611907957,1.585464327570749e-05,-1.1959153527376413e-05,0.0,12.2,1.1142109885009839,-310.6111702219778,3.2108762534571094,0.0,0.007946894563711756
1.56,flattop,8.704524135262329,4.9614975126040886,5.948663350138783,4.9614975126040886,0.01621525626979218,0.05182949966737031,-0.11423771503071486,-0.007281694611907957,1.4468563971936991e-05,-1.0913634249102349e-05,0.0,12.2,1.0972607213978767,-310.5890555048788,3.211230322433888,0.0,0.007252143764689716
1.58,flattop,8.70464888242944,4.961492565628195,5.9486567541709245,4.961492565628195,0.01621525626979218,0.05182949966737031,-0.11423771503071486,-0.007281694611907957,1.2854306771227794e-05,-9.696000439230793e-06,0.0,12.2,1.0794086716901976,-310.5672888109479,3.211540064236878,0.0,0.006443022326277787
1.6,flattop,8.704755282581475,4.9614877016862104,5.948650268914944,4.9614877016862104,0.01621525626979218,0.05182949966737031,-0.11423771503071486,-0.007281694611907957,1.1037329473945911e-05,-8.325454910322835e-06,0.0,12.2,1.0607258015829957,-310.54588746621516,3.2118042545894405,0.0,0.005532290576905599
1.62,flattop,8.704842915805642,4.961482924385701,5.948643899180932,4.961482924385701,0.01621525626979218,0.05182949966737031,-0.11423771503071486,-0.007281694611907957,9.0462868974783e-06,-6.823611984092968e-06,0.0,12.2,1.0412864227822591,-310.5248673439715,3.212021849220793,0.0,0.004534311300305127
1.64,flattop,8.704911436253642,4.961478236989525,5.948637649319366,4.961478236989525,0.01621525626979218,0.05182949966737031,-0.11423771503071486,-0.007281694611907957,6.91257897264803e-06,-5.214156620646057e-06,0.0,12.2,1.0211678940895386,-310.5042428008028,3.2121919880127274,0.0,0.00346482322583278
1.66,flattop,8.704960573506572,4.961473642402707,5.948631523203607,4.961473642402707,0.01621525626979218,0.05182949966737031,-0.11423771503071486,-0.007281694611907957,4.669855548044954e-06,-3.522470892505653e-06,0.0,12.2,1.0004503059988035,-310.4840266188019,3.2123139984155213,0.0,0.002340692819304167
1.68,flattop,8.704990133642141,4.961469143160754,5.948625524214336,4.961469143160754,0.01621525626979218,0.05182949966737031,-0.11423771503071486,-0.007281694611907957,2.353485711811955e-06,-1.7752336941677398e-06,0.0,12.2,0.9792161537086672,-310.4642299542048,3.2123873981191737,0.0,0.0011796482887526287
1.7,flattop,8.705,4.961464741419495,5.948619655225992,4.961464741419495,0.01621525626979218,0.05182949966737031,-0.11423771503071486,-0.007281694611907957,0.0,0.0,0.0,12.2,0.95755,-310.4448622926677,3.2124118969691917,0.0,0.0
1.72,flattop,8.704990133642141,4.961460438946474,5.948613918595296,4.961460438946474,0.01621525626979218,0.05182949966737031,-0.11423771503071486,-0.007281694611907957,-2.353485711811955e-06,1.7752336941677398e-06,0.0,12.2,0.9355381295013458,-310.4259314113727,3.2123873981191737,0.0,0.0011796482887526287
1.74,flattop,8.704960573506572,4.961456237113916,5.948608316151885,4.961456237113916,0.01621525626979218,0.05182949966737031,-0.11423771503071486,-0.007281694611907957,-4.669855548044954e-06,3.522470892505653e-06,0.0,12.2,0.9132681958892861,-310.40744334811876,3.2123139984155213,0.0,0.002340692819304167
1.76,flattop,8.704911436253642,4.961452136893326,5.948602849191099,4.961452136893326,0.01621525626979218,0.05182949966737031,-0.11423771503071486,-0.007281694611907957,-6.91257897264803e-06,5.214156620646057e-06,0.0,12.2,0.8908288636122763,-310.38940237752377,3.2121919880127274,0.0,0.00346482322583278
1.78,flattop,8.704842915805642,4.961448138851714,5.94859751846895,4.961448138851714,0.01621525626979218,0.05182949966737031,-0.11423771503071486,-0.007281694611907957,-9.046286897478715e-06,6.82361198409328e-06,0.0,12.2,0.8683094457492535,-310.3718109944302,3.212021849220793,0.0,0.004534311300305336
1.8,flattop,8.704755282581475,4.961444243149474,5.948592324199297,4.961444243149474,0.01621525626979218,0.05182949966737031,-0.11423771503071486,-0.007281694611907957,-1.1037329473945911e-05,8.325454910322835e-06,0.0,12.2,0.8457995396183748,-310.3546699045765,3.2118042545894405,0.0,0.005532290576905599
1.82,flattop,8.70464888242944,4.961440449539926,5.948587266053233,4.961440449539926,0.01621525626979218,0.05182949966737031,-0.11423771503071486,-0.007281694611907957,-1.2854306771227794e-05,9.696000439230793e-06,0.0,12.2,0.8233886617716172,-310.3379780225626,3.211540064236878,0.0,0.006443022326277787
1.84,flattop,8.704524135262329,4.961436757370504,5.94858234316067,4.961436757370504,0.01621525626979218,0.05182949966737031,-0.11423771503071486,-0.007281694611907957,-1.4468563971936991e-05,1.0913634249102349e-05,0.0,12.2,0.801165883983164,-310.32173247710506,3.211230322433888,0.0,0.007252143764689716
1.86,flattop,8.704381533400218,4.961433165585604,5.948577554114136,4.961433165585604,0.01621525626979218,0.05182949966737031,-0.11423771503071486,-0.007281694611907957,-1.585464327570749e-05,1.1959153527376413e-05,0.0,12.2,0.7792194718464396,-310.3059286235468,3.2108762534571094,0.0,0.007946894563711756
1.88,flattop,8.704221639627509,4.96142967273106,5.948572896974745,4.96142967273106,0.01621525626979218,0.05182949966737031,-0.11423771503071486,-0.007281694611907957,-1.6990685383915155e-05,1.2816069810471628e-05,0.0,12.2,0.75763652756427,-310.2905600635527,3.210479256728213,0.0,0.008516318088219295
1.9,flattop,8.704045084971874,4.961426276960228,5.948568369280301,4.961426276960228,0.01621525626979218,0.05182949966737031,-0.11423771503071486,-0.007281694611907957,-1.7858774233875024e-05,1.3470869016706715e-05,0.0,12.2,0.7365026384701157,-310.27561867189235,3.210040901258626,0.0,0.008951434189073798
1.92,flattop,8.703852566213879,4.961422976041657,5.94856396805554,4.961422976041657,0.01621525626979218,0.05182949966737031,-0.11423771503071486,-0.007281694611907957,-1.844521954585228e-05,1.3913224571441401e-05,0.0,12.2,0.715901532797798,-310.2610946301797,3.2095629194222433,0.0,0.009245380825439119
1.94,flattop,8.703644843137106,4.961419767368301,5.948559689824398,4.961419767368301,0.01621525626979218,0.05182949966737031,-0.11423771503071486,-0.007281694611907957,-1.8740772726951497e-05,1.4136160263327049e-05,0.0,12.2,0.6959147441616882,-310.2469764674101,3.209047200081225,0.0,0.009393522283264524
1.96,flattop,8.703422735529642,4.961416647968233,5.948555530624306,4.961416647968233,0.01621525626979218,0.05182949966737031,-0.11423771503071486,-0.007281694611907957,-1.8740772726951497e-05,1.4136160263327049e-05,0.0,12.2,0.6766212861471727,-310.233251107107,3.2084957810925854,0.0,0.009393522283264524
1.98,flattop,8.703187119948742,4.961413614516813,5.948551486022414,4.961413614516813,0.01621525626979218,0.05182949966737031,-0.11423771503071486,-0.007281694611907957,-1.844521954585228e-05,1.3913224571441401e-05,0.0,12.2,0.658097338349878,-310.219903920862,3.2079108412257797,0.0,0.009245380825439119
2.0,flattop,8.702938926261462,4.96141066335026,5.948547551133676,4.96141066335026,0.01621525626979218,0.05182949966737031,-0.11423771503071486,-0.007281694611907957,-1.7858774233875024e-05,1.3470869016706715e-05,0.0,12.2,0.6404159451448145,-310.20691878802705,3.207294691523765,0.0,0.008951434189073798
2.02,flattop,8.702679133974895,4.961407790480547,5.948543720640726,4.961407790480547,0.01621525626979218,0.05182949966737031,-0.11423771503071486,-0.007281694611907957,-1.6990685383915155e-05,1.2816069810471628e-05,0.0,12.2,0.6236467283812572,-310.1942781612918,3.2066497661422924,0.0,0.008516318088219295
2.04,flattop,8.702408768370509,4.961404991611585,5.948539988815442,4.961404991611585,0.01621525626979218,0.05182949966737031,-0.11423771503071486,-0.007281694611907957,-1.585464327570749e-05,1.1959153527376413e-05,0.0,12.2,0.6078556151140114,-310.1819631378568,3.2059786127041927,0.0,0.007946894563711756
2.06,flattop,8.702128896457825,4.961402262156593,5.9485363495421195,4.961402262156593,0.01621525626979218,0.05182949966737031,-0.11423771503071486,-0.007281694611907957,-1.4468563971936991e-05,1.0913634249102349e-05,0.0,12.2,0.5931045814152845,-310.1699535358915,3.205283882207335,0.0,0.007252143764689716
2.08,flattop,8.701840622763422,4.961399597256605,5.948532796342136,4.961399597256605,0.01621525626979218,0.05182949966737031,-0.11423771503071486,-0.007281694611907957,-1.2854306771227794e-05,9.696000439230793e-06,0.0,12.2,0.5794514132147409,-310.15822797594524,3.2045683185266896,0.0,0.006443022326277787
2.1,flattop,8.701545084971874,4.961396991800019,5.948529322400019,4.961396991800019,0.01621525626979218,0.05182949966737031,-0.11423771503071486,-0.007281694611907957,-1.1037329473945911e-05,8.325454910322835e-06,0.0,12.2,0.5669494850168395,-310.1467639669629,3.203834747552489,0.0,0.005532290576905599
2.12,flattop,8.701243449435824,4.961394440443104,5.9485259205908,4.961394440443104,0.01621525626979218,0.05182949966737031,-0.11423771503071486,-0.007281694611907957,-9.0462868974783e-06,6.823611984092968e-06,0.0,12.2,0.5556475572739988,-310.13553799654,3.203086066007855,0.0,0.004534311300305127
2.14,flattop,8.700936906572927,4.961391937631399,5.9485225835085265,4.961391937631399,0.01621525626979218,0.05182949966737031,-0.11423771503071486,-0.007281694611907957,-6.91257897264803e-06,5.214156620646057e-06,0.0,12.2,0.5455895930832938,-310.1245256250364,3.202325229990521,0.0,0.00346482322583278
2.16,flattop,8.700626666167821,4.961389477621881,5.948519303495837,4.961389477621881,0.01621525626979218,0.05182949966737031,-0.11423771503071486,-0.007281694611907957,-4.669855548044536e-06,3.5224708925053386e-06,0.0,12.2,0.5368145947798814,-310.1137015831578,3.2015552432842904,0.0,0.0023406928193039577
2.18,flattop,8.700313952597647,4.961387054505845,5.9485160726744555,4.961387054505845,0.01621525626979218,0.05182949966737031,-0.11423771503071486,-0.007281694611907957,-2.353485711811955e-06,1.7752336941677398e-06,0.0,12.2,0.5293564609267251,-310.10303987260073,3.2007791454866905,0.0,0.0011796482887526287
2.2,flattop,8.7,4.961384662232379,5.948512882976501,4.961384662232379,0.01621525626979218,0.05182949966737031,-0.11423771503071486,-0.007281694611907957,0.0,0.0,0.0,12.2,0.5232438640806935,-310.0925138693507,3.2000000000000006,0.0,0.0
2.22,flattop,8.699686047402352,4.961382294632348,5.94850972617646,4.961382294632348,0.01621525626979218,0.05182949966737031,-0.11423771503071486,-0.007281694611907957,2.353485711811955e-06,-1.7752336941677398e-06,0.0,12.2,0.518500149640349,-310.0820964292135,3.199220881933232,0.0,0.0011796482887526287
2.24,flattop,8.699373333832177,4.96137994544279,5.948506593923715,4.96137994544279,0.01621525626979218,0.05182949966737031,-0.11423771503071486,-0.007281694611907957,4.669855548044954e-06,-3.522470892505653e-06,0.0,12.2,0.515143255986192,-310.0717599951572,3.198444865962979,0.0,0.002340692819304167
2.26,flattop,8.699063093427071,4.961377608331626,5.948503477775496,4.961377608331626,0.01621525626979218,0.05182949966737031,-0.11423771503071486,-0.007281694611907957,6.91257897264803e-06,-5.214156620646057e-06,0.0,12.2,0.513185656032166,-310.061476706037,3.197675014201066,0.0,0.00346482322583278
2.28,flattop,8.698756550564175,4.961375276922589,5.948500369230113,4.961375276922589,0.01621525626979218,0.05182949966737031,-0.11423771503071486,-0.007281694611907957,9.0462868974783e-06,-6.823611984092968e-06,0.0,12.2,0.5126343202263222,-310.05121850627444,3.196914364116891,0.0,0.004534311300305127
2.3,flattop,8.698454915028124,4.961372944820268,5.948497259760352,4.961372944820268,0.01621525626979218,0.05182949966737031,-0.11423771503071486,-0.007281694611907957,1.1037329473945911e-05,-8.325454910322835e-06,0.0,12.2,0.513490700953399,-310.04095725606265,3.196165916562009,0.0,0.005532290576905599
2.32,flattop,8.698159377236577,4.961370605635179,5.9484941408469,4.961370605635179,0.01621525626979218,0.05182949966737031,-0.11423771503071486,-0.007281694611907957,1.2854306771227794e-05,-9.696000439230793e-06,0.0,12.2,0.5157507382125637,-310.030664841671,3.1954326239440314,0.0,0.006443022326277787
2.34,flattop,8.697871103542173,4.96136825300876,5.948491004011673,4.96136825300876,0.01621525626979218,0.05182949966737031,-0.11423771503071486,-0.007281694611907957,1.4468563971936991e-05,-1.0913634249102349e-05,0.0,12.2,0.5194048863690006,-310.0203132854252,3.194717378596275,0.0,0.007252143764689716
2.36,flattop,8.69759123162949,4.961365880638196,5.948487840850922,4.961365880638196,0.01621525626979218,0.05182949966737031,-0.11423771503071486,-0.007281694611907957,1.585464327570749e-05,-1.1959153527376413e-05,0.0,12.2,0.5244381617054155,-310.0098748549444,3.194023001388708,0.0,0.007946894563711756
2.38,flattop,8.697320866025104,4.961363482300987,5.948484643067976,4.961363482300987,0.01621525626979218,0.05182949966737031,-0.11423771503071486,-0.007281694611907957,1.6990685383915155e-05,-1.2816069810471628e-05,0.0,12.2,0.5308302104217182,-309.9993221712232,3.193352230624756,0.0,0.008516318088219295
2.4,flattop,8.697061073738537,4.961361051879153,5.94848140250553,4.961361051879153,0.01621525626979218,0.05182949966737031,-0.11423771503071486,-0.007281694611907957,1.7858774233875024e-05,-1.3470869016706715e-05,0.0,12.2,0.5385553966902539,-309.9886283151521,3.192707711267321,0.0,0.008951434189073798
2.42,flattop,8.696812880051256,4.961358583383001,5.9484781111773275,4.961358583383001,0.01621525626979218,0.05182949966737031,-0.11423771503071486,-0.007281694611907957,1.844521954585228e-05,-1.3913224571441401e-05,0.0,12.2,0.5475829102848598,-309.9777669320823,3.192091984536017,0.0,0.009245380825439119
2.44,flattop,8.696577264470356,4.961356070974357,5.948474761299135,4.961356070974357,0.01621525626979218,0.05182949966737031,-0.11423771503071486,-0.007281694611907957,1.8740772726951497e-05,-1.4136160263327049e-05,0.0,12.2,0.5578768932582255,-309.96671233404686,3.1915074779161148,0.0,0.009393522283264524
2.46,flattop,8.696355156862893,4.96135350898918,5.9484713453188975,4.96135350898918,0.01621525626979218,0.05182949966737031,-0.11423771503071486,-0.007281694611907957,1.8740772726951497e-05,-1.4136160263327049e-05,0.0,12.2,0.5693965850931193,-309.95543959926334,3.1909564956180185,0.0,0.009393522283264524
2.48,flattop,8.69614743378612,4.961350891959473,5.948467855945956,4.961350891959473,0.01621525626979218,0.05182949966737031,-0.11423771503071486,-0.007281694611907957,1.844521954585228e-05,-1.3913224571441401e-05,0.0,12.2,0.58209648569207,-309.9439246685555,3.19044120952431,0.0,0.009245380825439119
2.5,flattop,8.695954915028125,4.961348214634425,5.948464286179226,4.961348214634425,0.01621525626979218,0.05182949966737031,-0.11423771503071486,-0.007281694611907957,1.7858774233875024e-05,-1.3470869016706715e-05,0.0,12.2,0.5959265355322253,-309.93214443834324,3.1899636506594273,0.0,0.008951434189073798
2.52,flattop,8.69577836037249,4.96134547200068,5.948460629334233,4.96134547200068,0.01621525626979218,0.05182949966737031,-0.11423771503071486,-0.007281694611907957,1.6990685383915155e-05,-1.2816069810471628e-05,0.0,12.2,0.6108323122629395,-309.92007684986527,3.189525701214999,0.0,0.008516318088219295
2.54,flattop,8.69561846659978,4.961342659301691,5.948456879068914,4.961342659301691,0.01621525626979218,0.05182949966737031,-0.11423771503071486,-0.007281694611907957,1.585464327570749e-05,-1.1959153527376413e-05,0.0,12.2,0.6267552429854137,-309.9077009743128,3.1891290871616325,0.0,0.007946894563711756
2.56,flattop,8.69547586473767,4.961339772056068,5.948453029408082,4.961339772056068,0.01621525626979218,0.05182949966737031,-0.11423771503071486,-0.007281694611907957,1.4468563971936991e-05,-1.0913634249102349e-05,0.0,12.2,0.6436328314162995,-309.89499709356875,3.188775371475704,0.0,0.007252143764689716
2.58,flattop,8.695351117570558,4.961336806074862,5.948449074766475,4.961336806074862,0.01621525626979218,0.05182949966737031,-0.11423771503071486,-0.007281694611907957,1.2854306771227794e-05,-9.696000439230793e-06,0.0,12.2,0.6613988991060618,-309.88194677626353,3.188465948007236,0.0,0.006443022326277787
2.6,flattop,8.695244717418523,4.961333757477729,5.948445009970296,4.961333757477729,0.01621525626979218,0.05182949966737031,-0.11423771503071486,-0.007281694611907957,1.1037329473945911e-05,-8.325454910322835e-06,0.0,12.2,0.6799838398363375,-309.86853294887413,3.188202036012505,0.0,0.005532290576905599
2.62,flattop,8.695157084194356,4.961330622707896,5.948440830277187,4.961330622707896,0.01621525626979218,0.05182949966737031,-0.11423771503071486,-0.007281694611907957,9.0462868974783e-06,-6.823611984092968e-06,0.0,12.2,0.6993148863055954,-309.8547399616127,3.1879846753723875,0.0,0.004534311300305127
2.64,flattop,8.695088563746356,4.961327398545909,5.948436531394537,4.961327398545909,0.01621525626979218,0.05182949966737031,-0.11423771503071486,-0.007281694611907957,6.91257897264803e-06,-5.214156620646057e-06,0.0,12.2,0.7193163881803827,-309.84055364886785,3.187814722514873,0.0,0.00346482322583278
2.66,flattop,8.695039426493427,4.96132408212207,5.948432109496087,4.96132408212207,0.01621525626979218,0.05182949966737031,-0.11423771503071486,-0.007281694611907957,4.669855548044536e-06,-3.5224708925053386e-06,0.0,12.2,0.7399101005519625,-309.82596138398054,3.187692847057359,0.0,0.0023406928193039577
2.68,flattop,8.695009866357857,4.961320670927566,5.9484275612367465,4.961320670927566,0.01621525626979218,0.05182949966737031,-0.11423771503071486,-0.007281694611907957,2.353485711811955e-06,-1.7752336941677398e-06,0.0,12.2,0.7610154818191568,-309.8109521281568,3.1876195291816565,0.0,0.0011796482887526287
2.7,flattop,8.694999999999999,4.961317162824198,5.9484228837655895,4.961317162824198,0.01621525626979218,0.05182949966737031,-0.11423771503071486,-0.007281694611907957,0.0,0.0,0.0,12.2,0.7825499999999999,-309.79551647333864,3.1875950577517673,0.0,0.0
2.72,flattop,8.695009866357857,4.961313556052729,5.9484180747369635,4.961313556052729,0.01621525626979218,0.05182949966737031,-0.11423771503071486,-0.007281694611907957,-2.353485711811955e-06,1.7752336941677398e-06,0.0,12.2,0.8044294464409609,-309.7796466788742,3.1876195291816565,0.0,0.0011796482887526287
2.74,flattop,8.695039426493427,4.961309849239769,5.9484131323196845,4.961309849239769,0.01621525626979218,0.05182949966737031,-0.11423771503071486,-0.007281694611907957,-4.669855548044954e-06,3.522470892505653e-06,0.0,12.2,0.8265682558760606,-309.763336701851,3.187692847057359,0.0,0.002340692819304167
2.76,flattop,8.695088563746356,4.961306041403207,5.948408055204267,4.961306041403207,0.01621525626979218,0.05182949966737031,-0.11423771503071486,-0.007281694611907957,-6.91257897264803e-06,5.214156620646057e-06,0.0,12.2,0.8488798317663921,-309.7465822209746,3.187814722514873,0.0,0.00346482322583278
2.78,flattop,8.695157084194356,4.961302131956144,5.948402842608183,4.961302131956144,0.01621525626979218,0.05182949966737031,-0.11423771503071486,-0.007281694611907957,-9.0462868974783e-06,6.823611984092968e-06,0.0,12.2,0.8712768758308964,-309.7293806538986,3.1879846753723875,0.0,0.004534311300305127
2.8,flattop,8.695244717418523,4.961298120709333,5.948397494279103,4.961298120709333,0.01621525626979218,0.05182949966737031,-0.11423771503071486,-0.007281694611907957,-1.1037329473945911e-05,8.325454910322835e-06,0.0,12.2,0.8936717206617292,-309.7117311679337,3.188202036012505,0.0,0.005532290576905599
2.82,flattop,8.695351117570558,4.961294007872095,5.948392010496118,4.961294007872095,0.01621525626979218,0.05182949966737031,-0.11423771503071486,-0.007281694611907957,-1.2854306771227794e-05,9.696000439230793e-06,0.0,12.2,0.9159766642948652,-309.69363468408415,3.188465948007236,0.0,0.006443022326277787
2.84,flattop,8.69547586473767,4.961289794051709,5.948386392068937,4.961289794051709,0.01621525626979218,0.05182949966737031,-0.11423771503071486,-0.007281694611907957,-1.4468563971936991e-05,1.0913634249102349e-05,0.0,12.2,0.9381043056016348,-309.6750938743852,3.188775371475704,0.0,0.007252143764689716
2.86,flattop,8.69561846659978,4.961285480251289,5.948380640335043,4.961285480251289,0.01621525626979218,0.05182949966737031,-0.11423771503071486,-0.007281694611907957,-1.585464327570749e-05,1.1959153527376413e-05,0.0,12.2,0.9599678793466593,-309.65611315253574,3.1891290871616325,0.0,0.007946894563711756
2.88,flattop,8.69577836037249,4.961281067866132,5.948374757154834,4.961281067866132,0.01621525626979218,0.05182949966737031,-0.11423771503071486,-0.007281694611907957,-1.6990685383915155e-05,1.2816069810471628e-05,0.0,12.2,0.9814815897387859,-309.6366986578449,3.189525701214999,0.0,0.008516318088219295
2.9,flattop,8.695954915028125,4.961276558678561,5.948368744904739,4.961276558678561,0.01621525626979218,0.05182949966737031,-0.11423771503071486,-0.007281694611907957,-1.7858774233875024e-05,1.3470869016706715e-05,0.0,12.2,1.002560941301878,-309.61685823253447,3.1899636506594273,0.0,0.008951434189073798
2.92,flattop,8.69614743378612,4.961271954851272,5.948362606468354,4.961271954851272,0.01621525626979218,0.05182949966737031,-0.11423771503071486,-0.007281694611907957,-1.844521954585228e-05,1.3913224571441401e-05,0.0,12.2,1.023123065887896,-309.59660139246256,3.19044120952431,0.0,0.009245380825439119
2.94,flattop,8.696355156862893,4.961267258919202,5.948356345225595,4.961267258919202,0.01621525626979218,0.05182949966737031,-0.11423771503071486,-0.007281694611907957,-1.8740772726951497e-05,1.4136160263327049e-05,0.0,12.2,1.04308704463411,-309.5759392913573,3.1909564956180185,0.0,0.009393522283264524
2.96,flattop,8.696577264470356,4.961262473779955,5.948349965039934,4.961262473779955,0.01621525626979218,0.05182949966737031,-0.11423771503071486,-0.007281694611907957,-1.8740772726951497e-05,1.4136160263327049e-05,0.0,12.2,1.0623742236782774,-309.55488467867417,3.1915074779161148,0.0,0.009393522283264524
2.98,flattop,8.696812880051256,4.961257602682805,5.948343470243733,4.961257602682805,0.01621525626979218,0.05182949966737031,-0.11423771503071486,-0.007281694611907957,-1.844521954585228e-05,1.3913224571441401e-05,0.0,12.2,1.0809085224433903,-309.53345185121293,3.192091984536017,0.0,0.009245380825439119
3.0,flattop,8.697061073738537,4.9612526492163145,5.948336865621746,4.9612526492163145,0.01621525626979218,0.05182949966737031,-0.11423771503071486,-0.007281694611907957,-1.7858774233875024e-05,1.3470869016706715e-05,0.0,12.2,1.0986167333088441,-309.5116565986554,3.192707711267321,0.0,0.008951434189073798
3.02,flattop,8.697320866025104,4.961247617294622,5.948330156392823,4.961247617294622,0.01621525626979218,0.05182949966737031,-0.11423771503071486,-0.007281694611907957,-1.6990685383915155e-05,1.2816069810471628e-05,0.0,12.2,1.115428811492379,-309.48951614320737,3.193352230624756,0.0,0.008516318088219295
3.04,flattop,8.69759123162949,4.961242511142427,5.948323348189897,4.961242511142427,0.01621525626979218,0.05182949966737031,-0.11423771503071486,-0.007281694611907957,-1.585464327570749e-05,1.1959153527376413e-05,0.0,12.2,1.131278153987035,-309.4670490735526,3.194023001388708,0.0,0.007946894563711756
3.06,flattop,8.697871103542173,4.961237335278745,5.94831644703832,4.961237335278745,0.01621525626979218,0.05182949966737031,-0.11423771503071486,-0.007281694611907957,-1.4468563971936991e-05,1.0913634249102349e-05,0.0,12.2,1.146101866407624,-309.44427527334864,3.194717378596275,0.0,0.007252143764689716
3.08,flattop,8.698159377236577,4.961232094499464,5.948309459332614,4.961232094499464,0.01621525626979218,0.05182949966737031,-0.11423771503071486,-0.007281694611907957,-1.2854306771227794e-05,9.696000439230793e-06,0.0,12.2,1.1598410166362467,-309.4212158445182,3.1954326239440314,0.0,0.006443022326277787
3.1,flattop,8.698454915028124,4.9612267938588035,5.948302391811732,4.9612267938588035,0.01621525626979218,0.05182949966737031,-0.11423771503071486,-0.007281694611907957,-1.1037329473945911e-05,8.325454910322835e-06,0.0,12.2,1.1724408741812664,-309.39789302561,3.196165916562009,0.0,0.005532290576905599
3.12,flattop,8.698756550564175,4.961221438649694,5.948295251532919,4.961221438649694,0.01621525626979218,0.05182949966737031,-0.11423771503071486,-0.007281694611907957,-9.046286897478715e-06,6.82361198409328e-06,0.0,12.2,1.183851134185826,-309.3743301055263,3.196914364116891,0.0,0.004534311300305336
3.14,flattop,8.699063093427071,4.961216034383194,5.948288045844254,4.961216034383194,0.01621525626979218,0.05182949966737031,-0.11423771503071486,-0.007281694611907957,-6.91257897264803e-06,5.214156620646057e-06,0.0,12.2,1.194026125091034,-309.35055133293355,3.197675014201066,0.0,0.00346482322583278
3.16,flattop,8.699373333832177,4.961210586767003,5.948280782356,4.961210586767003,0.01621525626979218,0.05182949966737031,-0.11423771503071486,-0.007281694611907957,-4.669855548044536e-06,3.5224708925053386e-06,0.0,12.2,1.2029249989819943,-309.3265818216928,3.198444865962979,0.0,0.0023406928193039577
3.18,flattop,8.699686047402352,4.961205101683134,5.94827346891084,4.961205101683134,0.01621525626979218,0.05182949966737031,-0.11423771503071486,-0.007281694611907957,-2.353485711811955e-06,1.7752336941677398e-06,0.0,12.2,1.2105119037069552,-309.3024474526659,3.199220881933232,0.0,0.0011796482887526287
3.2,flattop,8.7,4.961199585216619,5.948266113622153,4.961199585216619,0.014723636862899209,0.04983158385350348,-0.11149505075798176,-0.003380691255268908,0.0,0.0,0.0,12.2,1.2167333628921626,-309.2781749999999,3.2000000000000006,2.6310653882383215,0.0
